,GRID_TYPE,GAME_ID,GAME_EVENT_ID,PLAYER_ID,PLAYER_NAME,TEAM_ID,TEAM_NAME,PERIOD,MINUTES_REMAINING,SECONDS_REMAINING,EVENT_TYPE,ACTION_TYPE,SHOT_TYPE,SHOT_ZONE_BASIC,SHOT_ZONE_AREA,SHOT_ZONE_RANGE,SHOT_DISTANCE,LOC_X,LOC_Y,SHOT_ATTEMPTED_FLAG,SHOT_MADE_FLAG
0,Shot Chart Detail,0021500003,141,2571,Leandro Barbosa,1610612744,Golden State Warriors,2,10,12,Missed Shot,Jump Shot,2PT Field Goal,In The Paint (Non-RA),Center(C),8-16 ft.,10,-7,100,1,0
1,Shot Chart Detail,0021500003,192,2571,Leandro Barbosa,1610612744,Golden State Warriors,2,7,11,Missed Shot,Driving Finger Roll Layup Shot,2PT Field Goal,Restricted Area,Center(C),Less Than 8 ft.,2,-6,23,1,0
2,Shot Chart Detail,0021500003,267,2571,Leandro Barbosa,1610612744,Golden State Warriors,2,0,31,Missed Shot,Jump Shot,3PT Field Goal,Above the Break 3,Left Side Center(LC),24+ ft.,26,-199,169,1,0
3,Shot Chart Detail,0021500003,392,2571,Leandro Barbosa,1610612744,Golden State Warriors,3,3,28,Missed Shot,Jump Shot,2PT Field Goal,Mid-Range,Left Side(L),16-24 ft.,17,-169,28,1,0
4,Shot Chart Detail,0021500003,417,2571,Leandro Barbosa,1610612744,Golden State Warriors,3,2,2,Missed Shot,Jump Shot,2PT Field Goal,In The Paint (Non-RA),Center(C),8-16 ft.,11,-37,110,1,0
5,Shot Chart Detail,0021500003,470,2571,Leandro Barbosa,1610612744,Golden State Warriors,4,9,39,Missed Shot,Jump Shot,3PT Field Goal,Above the Break 3,Right Side Center(RC),24+ ft.,24,79,237,1,0
6,Shot Chart Detail,0021500030,174,2571,Leandro Barbosa,1610612744,Golden State Warriors,2,10,25,Missed Shot,Layup Shot,2PT Field Goal,Restricted Area,Center(C),Less Than 8 ft.,3,-29,8,1,0
7,Shot Chart Detail,0021500030,208,2571,Leandro Barbosa,1610612744,Golden State Warriors,2,7,57,Missed Shot,Running Layup Shot,2PT Field Goal,Restricted Area,Center(C),Less Than 8 ft.,2,22,11,1,0
8,Shot Chart Detail,0021500030,424,2571,Leandro Barbosa,1610612744,Golden State Warriors,3,1,8,Made Shot,Jump Shot,3PT Field Goal,Above the Break 3,Right Side Center(RC),24+ ft.,24,140,200,1,1
9,Shot Chart Detail,0021500030,430,2571,Leandro Barbosa,1610612744,Golden State Warriors,3,0,11,Missed Shot,Turnaround Jump Shot,2PT Field Goal,Mid-Range,Right Side Center(RC),16-24 ft.,20,151,136,1,0
10,Shot Chart Detail,0021500030,559,2571,Leandro Barbosa,1610612744,Golden State Warriors,4,3,0,Made Shot,Pullup Jump shot,2PT Field Goal,Mid-Range,Center(C),16-24 ft.,20,10,203,1,1
11,Shot Chart Detail,0021500030,564,2571,Leandro Barbosa,1610612744,Golden State Warriors,4,2,14,Missed Shot,Jump Shot,2PT Field Goal,Mid-Range,Right Side Center(RC),16-24 ft.,21,120,183,1,0
12,Shot Chart Detail,0021500035,154,2571,Leandro Barbosa,1610612744,Golden State Warriors,2,11,11,Made Shot,Cutting Layup Shot,2PT Field Goal,Restricted Area,Center(C),Less Than 8 ft.,2,-24,2,1,1
13,Shot Chart Detail,0021500035,181,2571,Leandro Barbosa,1610612744,Golden State Warriors,2,8,56,Made Shot,Jump Shot,3PT Field Goal,Above the Break 3,Right Side Center(RC),24+ ft.,24,222,106,1,1
14,Shot Chart Detail,0021500035,188,2571,Leandro Barbosa,1610612744,Golden State Warriors,2,8,21,Missed Shot,Jump Shot,2PT Field Goal,Mid-Range,Center(C),8-16 ft.,15,14,154,1,0
15,Shot Chart Detail,0021500035,319,2571,Leandro Barbosa,1610612744,Golden State Warriors,2,0,21,Made Shot,Layup Shot,2PT Field Goal,Restricted Area,Center(C),Less Than 8 ft.,2,19,7,1,1
16,Shot Chart Detail,0021500035,437,2571,Leandro Barbosa,1610612744,Golden State Warriors,4,11,24,Made Shot,Cutting Layup Shot,2PT Field Goal,Restricted Area,Center(C),Less Than 8 ft.,1,-7,8,1,1
17,Shot Chart Detail,0021500035,451,2571,Leandro Barbosa,1610612744,Golden State Warriors,4,9,19,Missed Shot,Jump Shot,2PT Field Goal,Mid-Range,Center(C),8-16 ft.,15,2,159,1,0
18,Shot Chart Detail,0021500051,137,2571,Leandro Barbosa,1610612744,Golden State Warriors,2,10,22,Missed Shot,Jump Shot,2PT Field Goal,Mid-Range,Right Side(R),16-24 ft.,19,199,7,1,0
19,Shot Chart Detail,0021500051,154,2571,Leandro Barbosa,1610612744,Golden State Warriors,2,8,34,Missed Shot,Jump Shot,2PT Field Goal,In The Paint (Non-RA),Center(C),Less Than 8 ft.,6,10,61,1,0
20,Shot Chart Detail,0021500051,409,2571,Leandro Barbosa,1610612744,Golden State Warriors,3,0,25,Made Shot,Jump Shot,3PT Field Goal,Above the Break 3,Right Side Center(RC),24+ ft.,25,174,180,1,1
21,Shot Chart Detail,0021500051,435,2571,Leandro Barbosa,1610612744,Golden State Warriors,4,10,0,Missed Shot,Jump Shot,3PT Field Goal,Above the Break 3,Center(C),24+ ft.,25,64,249,1,0
22,Shot Chart Detail,0021500069,135,2571,Leandro Barbosa,1610612744,Golden State Warriors,1,0,39,Made Shot,Cutting Layup Shot,2PT Field Goal,Restricted Area,Center(C),Less Than 8 ft.,1,15,13,1,1
23,Shot Chart Detail,0021500069,158,2571,Leandro Barbosa,1610612744,Golden State Warriors,2,10,7,Made Shot,Driving Reverse Layup Shot,2PT Field Goal,Restricted Area,Center(C),Less Than 8 ft.,1,9,13,1,1
24,Shot Chart Detail,0021500069,381,2571,Leandro Barbosa,1610612744,Golden State Warriors,3,1,42,Made Shot,Jump Shot,2PT Field Goal,Mid-Range,Center(C),16-24 ft.,16,24,164,1,1
25,Shot Chart Detail,0021500069,408,2571,Leandro Barbosa,1610612744,Golden State Warriors,4,11,26,Made Shot,Cutting Finger Roll Layup Shot,2PT Field Goal,Restricted Area,Center(C),Less Than 8 ft.,3,-7,36,1,1
26,Shot Chart Detail,0021500083,142,2571,Leandro Barbosa,1610612744,Golden State Warriors,2,11,32,Missed Shot,Jump Shot,2PT Field Goal,Mid-Range,Center(C),16-24 ft.,19,-30,193,1,0
27,Shot Chart Detail,0021500083,145,2571,Leandro Barbosa,1610612744,Golden State Warriors,2,11,10,Made Shot,Jump Shot,3PT Field Goal,Left Corner 3,Left Side(L),24+ ft.,24,-238,57,1,1
28,Shot Chart Detail,0021500083,202,2571,Leandro Barbosa,1610612744,Golden State Warriors,2,6,44,Missed Shot,Jump Shot,3PT Field Goal,Left Corner 3,Left Side(L),24+ ft.,23,-233,0,1,0
29,Shot Chart Detail,0021500083,208,2571,Leandro Barbosa,1610612744,Golden State Warriors,2,6,24,Missed Shot,Jump Shot,3PT Field Goal,Above the Break 3,Left Side Center(LC),24+ ft.,24,-219,115,1,0
30,Shot Chart Detail,0021500083,433,2571,Leandro Barbosa,1610612744,Golden State Warriors,4,8,12,Missed Shot,Jump Shot,2PT Field Goal,In The Paint (Non-RA),Center(C),8-16 ft.,10,25,100,1,0
31,Shot Chart Detail,0021500083,454,2571,Leandro Barbosa,1610612744,Golden State Warriors,4,6,45,Made Shot,Fadeaway Jump Shot,2PT Field Goal,Mid-Range,Left Side Center(LC),16-24 ft.,18,-151,115,1,1
32,Shot Chart Detail,0021500092,146,2571,Leandro Barbosa,1610612744,Golden State Warriors,2,11,11,Missed Shot,Jump Shot,3PT Field Goal,Above the Break 3,Left Side Center(LC),24+ ft.,25,-219,121,1,0
33,Shot Chart Detail,0021500092,149,2571,Leandro Barbosa,1610612744,Golden State Warriors,2,10,35,Made Shot,Fadeaway Jump Shot,2PT Field Goal,Mid-Range,Left Side Center(LC),16-24 ft.,17,-71,159,1,1
34,Shot Chart Detail,0021500092,180,2571,Leandro Barbosa,1610612744,Golden State Warriors,2,7,17,Made Shot,Layup Shot,2PT Field Goal,Restricted Area,Center(C),Less Than 8 ft.,1,9,16,1,1
35,Shot Chart Detail,0021500092,196,2571,Leandro Barbosa,1610612744,Golden State Warriors,2,6,18,Missed Shot,Jump Shot,3PT Field Goal,Above the Break 3,Right Side Center(RC),24+ ft.,24,182,170,1,0
36,Shot Chart Detail,0021500092,205,2571,Leandro Barbosa,1610612744,Golden State Warriors,2,5,23,Missed Shot,Jump Shot,3PT Field Goal,Above the Break 3,Right Side Center(RC),24+ ft.,24,120,218,1,0
37,Shot Chart Detail,0021500092,408,2571,Leandro Barbosa,1610612744,Golden State Warriors,4,10,44,Missed Shot,Jump Shot,2PT Field Goal,In The Paint (Non-RA),Center(C),8-16 ft.,10,24,106,1,0
38,Shot Chart Detail,0021500092,419,2571,Leandro Barbosa,1610612744,Golden State Warriors,4,9,17,Missed Shot,Jump Shot,3PT Field Goal,Above the Break 3,Center(C),24+ ft.,25,74,242,1,0
39,Shot Chart Detail,0021500104,161,2571,Leandro Barbosa,1610612744,Golden State Warriors,2,6,55,Made Shot,Pullup Jump shot,3PT Field Goal,Above the Break 3,Left Side Center(LC),24+ ft.,26,-202,174,1,1
40,Shot Chart Detail,0021500104,380,2571,Leandro Barbosa,1610612744,Golden State Warriors,4,11,43,Missed Shot,Fadeaway Bank shot,2PT Field Goal,In The Paint (Non-RA),Center(C),Less Than 8 ft.,6,-2,61,1,0
41,Shot Chart Detail,0021500104,389,2571,Leandro Barbosa,1610612744,Golden State Warriors,4,10,9,Missed Shot,Driving Layup Shot,2PT Field Goal,Restricted Area,Center(C),Less Than 8 ft.,2,-27,11,1,0
42,Shot Chart Detail,0021500104,403,2571,Leandro Barbosa,1610612744,Golden State Warriors,4,8,13,Made Shot,Driving Bank shot,2PT Field Goal,In The Paint (Non-RA),Center(C),Less Than 8 ft.,5,42,38,1,1
43,Shot Chart Detail,0021500104,406,2571,Leandro Barbosa,1610612744,Golden State Warriors,4,7,36,Made Shot,Pullup Jump shot,3PT Field Goal,Above the Break 3,Left Side Center(LC),24+ ft.,26,-155,219,1,1
44,Shot Chart Detail,0021500104,418,2571,Leandro Barbosa,1610612744,Golden State Warriors,4,6,50,Made Shot,Jump Bank Shot,2PT Field Goal,Mid-Range,Left Side Center(LC),16-24 ft.,16,-94,139,1,1
45,Shot Chart Detail,0021500120,131,2571,Leandro Barbosa,1610612744,Golden State Warriors,2,11,1,Missed Shot,Driving Layup Shot,2PT Field Goal,Restricted Area,Center(C),Less Than 8 ft.,1,4,13,1,0
46,Shot Chart Detail,0021500120,177,2571,Leandro Barbosa,1610612744,Golden State Warriors,2,7,5,Made Shot,Running Finger Roll Layup Shot,2PT Field Goal,Restricted Area,Center(C),Less Than 8 ft.,1,10,3,1,1
47,Shot Chart Detail,0021500120,193,2571,Leandro Barbosa,1610612744,Golden State Warriors,2,6,10,Missed Shot,Layup Shot,2PT Field Goal,Restricted Area,Center(C),Less Than 8 ft.,0,4,2,1,0
48,Shot Chart Detail,0021500120,436,2571,Leandro Barbosa,1610612744,Golden State Warriors,3,0,51,Missed Shot,Jump Shot,3PT Field Goal,Above the Break 3,Right Side Center(RC),24+ ft.,26,110,239,1,0
49,Shot Chart Detail,0021500120,478,2571,Leandro Barbosa,1610612744,Golden State Warriors,4,7,55,Made Shot,Pullup Jump shot,2PT Field Goal,Mid-Range,Right Side(R),16-24 ft.,16,150,56,1,1
50,Shot Chart Detail,0021500164,142,2571,Leandro Barbosa,1610612744,Golden State Warriors,2,10,54,Missed Shot,Layup Shot,2PT Field Goal,Restricted Area,Center(C),Less Than 8 ft.,2,-25,8,1,0
51,Shot Chart Detail,0021500164,144,2571,Leandro Barbosa,1610612744,Golden State Warriors,2,10,49,Missed Shot,Jump Shot,2PT Field Goal,In The Paint (Non-RA),Center(C),Less Than 8 ft.,6,27,57,1,0
52,Shot Chart Detail,0021500164,155,2571,Leandro Barbosa,1610612744,Golden State Warriors,2,9,9,Made Shot,Jump Shot,2PT Field Goal,Mid-Range,Left Side(L),16-24 ft.,20,-197,46,1,1
53,Shot Chart Detail,0021500164,331,2571,Leandro Barbosa,1610612744,Golden State Warriors,3,2,24,Missed Shot,Driving Layup Shot,2PT Field Goal,Restricted Area,Center(C),Less Than 8 ft.,1,-7,11,1,0
54,Shot Chart Detail,0021500164,334,2571,Leandro Barbosa,1610612744,Golden State Warriors,3,1,56,Missed Shot,Pullup Jump shot,3PT Field Goal,Above the Break 3,Left Side Center(LC),24+ ft.,25,-132,218,1,0
55,Shot Chart Detail,0021500164,369,2571,Leandro Barbosa,1610612744,Golden State Warriors,4,11,8,Missed Shot,Turnaround Fadeaway shot,2PT Field Goal,Mid-Range,Left Side(L),8-16 ft.,10,-86,65,1,0
56,Shot Chart Detail,0021500164,390,2571,Leandro Barbosa,1610612744,Golden State Warriors,4,9,24,Made Shot,Driving Layup Shot,2PT Field Goal,Restricted Area,Center(C),Less Than 8 ft.,1,-16,3,1,1
57,Shot Chart Detail,0021500164,408,2571,Leandro Barbosa,1610612744,Golden State Warriors,4,8,14,Missed Shot,Jump Shot,2PT Field Goal,Mid-Range,Right Side Center(RC),16-24 ft.,18,145,116,1,0
58,Shot Chart Detail,0021500187,106,2571,Leandro Barbosa,1610612744,Golden State Warriors,2,10,35,Missed Shot,Driving Layup Shot,2PT Field Goal,Restricted Area,Center(C),Less Than 8 ft.,2,0,26,1,0
59,Shot Chart Detail,0021500187,117,2571,Leandro Barbosa,1610612744,Golden State Warriors,2,9,27,Missed Shot,Jump Shot,2PT Field Goal,In The Paint (Non-RA),Center(C),8-16 ft.,8,14,80,1,0
60,Shot Chart Detail,0021500187,121,2571,Leandro Barbosa,1610612744,Golden State Warriors,2,9,13,Missed Shot,Jump Shot,3PT Field Goal,Above the Break 3,Center(C),24+ ft.,25,-53,252,1,0
61,Shot Chart Detail,0021500187,132,2571,Leandro Barbosa,1610612744,Golden State Warriors,2,8,16,Made Shot,Turnaround Jump Shot,3PT Field Goal,Above the Break 3,Center(C),24+ ft.,25,-63,242,1,1
62,Shot Chart Detail,0021500187,134,2571,Leandro Barbosa,1610612744,Golden State Warriors,2,7,50,Missed Shot,Floating Jump shot,2PT Field Goal,In The Paint (Non-RA),Center(C),8-16 ft.,10,9,105,1,0
63,Shot Chart Detail,0021500187,407,2571,Leandro Barbosa,1610612744,Golden State Warriors,4,9,32,Missed Shot,Jump Shot,3PT Field Goal,Right Corner 3,Right Side(R),24+ ft.,23,232,38,1,0
64,Shot Chart Detail,0021500187,415,2571,Leandro Barbosa,1610612744,Golden State Warriors,4,8,59,Missed Shot,Layup Shot,2PT Field Goal,Restricted Area,Center(C),Less Than 8 ft.,2,-1,23,1,0
65,Shot Chart Detail,0021500200,128,2571,Leandro Barbosa,1610612744,Golden State Warriors,2,11,29,Missed Shot,Jump Shot,2PT Field Goal,In The Paint (Non-RA),Center(C),Less Than 8 ft.,7,53,51,1,0
66,Shot Chart Detail,0021500200,164,2571,Leandro Barbosa,1610612744,Golden State Warriors,2,8,21,Missed Shot,Running Layup Shot,2PT Field Goal,Restricted Area,Center(C),Less Than 8 ft.,0,4,3,1,0
67,Shot Chart Detail,0021500200,426,2571,Leandro Barbosa,1610612744,Golden State Warriors,4,11,42,Made Shot,Jump Shot,2PT Field Goal,Mid-Range,Left Side(L),16-24 ft.,16,-142,87,1,1
68,Shot Chart Detail,0021500200,435,2571,Leandro Barbosa,1610612744,Golden State Warriors,4,10,38,Missed Shot,Jump Shot,3PT Field Goal,Above the Break 3,Left Side Center(LC),24+ ft.,26,-210,159,1,0
69,Shot Chart Detail,0021500200,499,2571,Leandro Barbosa,1610612744,Golden State Warriors,4,5,2,Made Shot,Jump Shot,3PT Field Goal,Left Corner 3,Left Side(L),24+ ft.,23,-235,7,1,1
70,Shot Chart Detail,0021500200,517,2571,Leandro Barbosa,1610612744,Golden State Warriors,4,2,48,Made Shot,Step Back Jump shot,2PT Field Goal,Mid-Range,Right Side(R),16-24 ft.,20,200,41,1,1
71,Shot Chart Detail,0021500214,122,2571,Leandro Barbosa,1610612744,Golden State Warriors,2,10,47,Made Shot,Driving Finger Roll Layup Shot,2PT Field Goal,Restricted Area,Center(C),Less Than 8 ft.,2,-1,26,1,1
72,Shot Chart Detail,0021500214,132,2571,Leandro Barbosa,1610612744,Golden State Warriors,2,9,32,Missed Shot,Pullup Jump shot,3PT Field Goal,Above the Break 3,Center(C),24+ ft.,24,-53,244,1,0
73,Shot Chart Detail,0021500214,134,2571,Leandro Barbosa,1610612744,Golden State Warriors,2,9,23,Made Shot,Pullup Jump shot,3PT Field Goal,Right Corner 3,Right Side(R),24+ ft.,23,233,21,1,1
74,Shot Chart Detail,0021500214,377,2571,Leandro Barbosa,1610612744,Golden State Warriors,4,11,17,Made Shot,Running Jump Shot,2PT Field Goal,In The Paint (Non-RA),Center(C),8-16 ft.,12,1,120,1,1
75,Shot Chart Detail,0021500214,383,2571,Leandro Barbosa,1610612744,Golden State Warriors,4,10,23,Missed Shot,Jump Bank Shot,2PT Field Goal,In The Paint (Non-RA),Center(C),Less Than 8 ft.,5,-22,46,1,0
76,Shot Chart Detail,0021500214,393,2571,Leandro Barbosa,1610612744,Golden State Warriors,4,9,19,Made Shot,Driving Layup Shot,2PT Field Goal,Restricted Area,Center(C),Less Than 8 ft.,1,4,11,1,1
77,Shot Chart Detail,0021500214,434,2571,Leandro Barbosa,1610612744,Golden State Warriors,4,4,41,Made Shot,Running Dunk Shot,2PT Field Goal,Restricted Area,Center(C),Less Than 8 ft.,0,0,1,1,1
78,Shot Chart Detail,0021500214,463,2571,Leandro Barbosa,1610612744,Golden State Warriors,4,1,58,Made Shot,Driving Layup Shot,2PT Field Goal,Restricted Area,Center(C),Less Than 8 ft.,1,9,16,1,1
79,Shot Chart Detail,0021500214,471,2571,Leandro Barbosa,1610612744,Golden State Warriors,4,0,34,Missed Shot,Jump Shot,3PT Field Goal,Above the Break 3,Right Side Center(RC),24+ ft.,25,155,208,1,0
80,Shot Chart Detail,0021500236,155,2571,Leandro Barbosa,1610612744,Golden State Warriors,2,9,33,Made Shot,Jump Shot,3PT Field Goal,Above the Break 3,Right Side Center(RC),24+ ft.,24,97,223,1,1
81,Shot Chart Detail,0021500236,183,2571,Leandro Barbosa,1610612744,Golden State Warriors,2,7,5,Missed Shot,Jump Shot,2PT Field Goal,Mid-Range,Right Side Center(RC),16-24 ft.,21,81,198,1,0
82,Shot Chart Detail,0021500236,328,2571,Leandro Barbosa,1610612744,Golden State Warriors,3,6,47,Made Shot,Running Layup Shot,2PT Field Goal,Restricted Area,Center(C),Less Than 8 ft.,0,-6,-1,1,1
83,Shot Chart Detail,0021500236,354,2571,Leandro Barbosa,1610612744,Golden State Warriors,3,4,36,Made Shot,Jump Shot,3PT Field Goal,Above the Break 3,Right Side Center(RC),24+ ft.,23,210,116,1,1
84,Shot Chart Detail,0021500236,422,2571,Leandro Barbosa,1610612744,Golden State Warriors,4,11,24,Made Shot,Jump Shot,3PT Field Goal,Above the Break 3,Right Side Center(RC),24+ ft.,25,155,203,1,1
85,Shot Chart Detail,0021500236,432,2571,Leandro Barbosa,1610612744,Golden State Warriors,4,10,39,Made Shot,Driving Layup Shot,2PT Field Goal,Restricted Area,Center(C),Less Than 8 ft.,2,20,-1,1,1
86,Shot Chart Detail,0021500236,435,2571,Leandro Barbosa,1610612744,Golden State Warriors,4,10,13,Made Shot,Jump Shot,3PT Field Goal,Above the Break 3,Left Side Center(LC),24+ ft.,24,-222,106,1,1
87,Shot Chart Detail,0021500236,483,2571,Leandro Barbosa,1610612744,Golden State Warriors,4,5,50,Made Shot,Driving Layup Shot,2PT Field Goal,Restricted Area,Center(C),Less Than 8 ft.,0,6,3,1,1
88,Shot Chart Detail,0021500236,498,2571,Leandro Barbosa,1610612744,Golden State Warriors,4,4,22,Made Shot,Jump Shot,3PT Field Goal,Left Corner 3,Left Side(L),24+ ft.,23,-230,46,1,1
89,Shot Chart Detail,0021500245,135,2571,Leandro Barbosa,1610612744,Golden State Warriors,2,10,50,Made Shot,Pullup Jump shot,3PT Field Goal,Above the Break 3,Right Side Center(RC),24+ ft.,25,151,203,1,1
90,Shot Chart Detail,0021500245,169,2571,Leandro Barbosa,1610612744,Golden State Warriors,2,7,34,Missed Shot,Layup Shot,2PT Field Goal,Restricted Area,Center(C),Less Than 8 ft.,2,-17,13,1,0
91,Shot Chart Detail,0021500245,183,2571,Leandro Barbosa,1610612744,Golden State Warriors,2,6,3,Missed Shot,Floating Jump shot,2PT Field Goal,In The Paint (Non-RA),Center(C),Less Than 8 ft.,6,-4,65,1,0
92,Shot Chart Detail,0021500245,410,2571,Leandro Barbosa,1610612744,Golden State Warriors,4,10,39,Missed Shot,Jump Shot,3PT Field Goal,Above the Break 3,Left Side Center(LC),24+ ft.,24,-205,139,1,0
93,Shot Chart Detail,0021500245,481,2571,Leandro Barbosa,1610612744,Golden State Warriors,4,5,21,Missed Shot,Floating Jump shot,2PT Field Goal,In The Paint (Non-RA),Center(C),8-16 ft.,8,9,80,1,0
94,Shot Chart Detail,0021500245,517,2571,Leandro Barbosa,1610612744,Golden State Warriors,4,1,43,Missed Shot,Jump Shot,2PT Field Goal,In The Paint (Non-RA),Center(C),8-16 ft.,11,51,100,1,0
95,Shot Chart Detail,0021500259,140,2571,Leandro Barbosa,1610612744,Golden State Warriors,2,11,43,Made Shot,Driving Layup Shot,2PT Field Goal,Restricted Area,Center(C),Less Than 8 ft.,2,-24,0,1,1
96,Shot Chart Detail,0021500259,142,2571,Leandro Barbosa,1610612744,Golden State Warriors,2,11,2,Missed Shot,Jump Shot,2PT Field Goal,Mid-Range,Right Side(R),16-24 ft.,17,177,-1,1,0
97,Shot Chart Detail,0021500259,144,2571,Leandro Barbosa,1610612744,Golden State Warriors,2,10,55,Missed Shot,Jump Shot,3PT Field Goal,Left Corner 3,Left Side(L),24+ ft.,23,-233,2,1,0
98,Shot Chart Detail,0021500259,165,2571,Leandro Barbosa,1610612744,Golden State Warriors,2,8,52,Missed Shot,Jump Shot,3PT Field Goal,Above the Break 3,Center(C),24+ ft.,24,-45,237,1,0
99,Shot Chart Detail,0021500259,198,2571,Leandro Barbosa,1610612744,Golden State Warriors,2,6,21,Missed Shot,Running Layup Shot,2PT Field Goal,Restricted Area,Center(C),Less Than 8 ft.,2,-29,3,1,0
100,Shot Chart Detail,0021500259,407,2571,Leandro Barbosa,1610612744,Golden State Warriors,4,8,19,Missed Shot,Jump Shot,3PT Field Goal,Above the Break 3,Right Side Center(RC),24+ ft.,24,200,134,1,0
101,Shot Chart Detail,0021500268,137,2571,Leandro Barbosa,1610612744,Golden State Warriors,2,10,32,Made Shot,Jump Bank Shot,2PT Field Goal,Mid-Range,Left Side(L),8-16 ft.,10,-92,47,1,1
102,Shot Chart Detail,0021500268,166,2571,Leandro Barbosa,1610612744,Golden State Warriors,2,8,17,Missed Shot,Layup Shot,2PT Field Goal,Restricted Area,Center(C),Less Than 8 ft.,1,1,13,1,0
103,Shot Chart Detail,0021500268,387,2571,Leandro Barbosa,1610612744,Golden State Warriors,4,10,26,Missed Shot,Jump Shot,2PT Field Goal,Mid-Range,Left Side(L),8-16 ft.,15,-137,75,1,0
104,Shot Chart Detail,0021500268,426,2571,Leandro Barbosa,1610612744,Golden State Warriors,4,6,19,Missed Shot,Jump Shot,3PT Field Goal,Left Corner 3,Left Side(L),24+ ft.,24,-241,62,1,0
105,Shot Chart Detail,0021500290,101,2571,Leandro Barbosa,1610612744,Golden State Warriors,1,2,12,Made Shot,Running Jump Shot,2PT Field Goal,Restricted Area,Center(C),Less Than 8 ft.,3,-29,11,1,1
106,Shot Chart Detail,0021500290,126,2571,Leandro Barbosa,1610612744,Golden State Warriors,2,11,43,Made Shot,Pullup Jump shot,2PT Field Goal,Mid-Range,Center(C),16-24 ft.,19,-4,190,1,1
107,Shot Chart Detail,0021500290,407,2571,Leandro Barbosa,1610612744,Golden State Warriors,4,11,22,Missed Shot,Pullup Jump shot,2PT Field Goal,In The Paint (Non-RA),Center(C),8-16 ft.,11,-37,110,1,0
108,Shot Chart Detail,0021500300,188,2571,Leandro Barbosa,1610612744,Golden State Warriors,2,8,17,Missed Shot,Running Jump Shot,2PT Field Goal,Mid-Range,Right Side(R),8-16 ft.,11,82,85,1,0
109,Shot Chart Detail,0021500300,190,2571,Leandro Barbosa,1610612744,Golden State Warriors,2,8,7,Made Shot,Jump Shot,3PT Field Goal,Right Corner 3,Right Side(R),24+ ft.,23,232,-10,1,1
110,Shot Chart Detail,0021500300,433,2571,Leandro Barbosa,1610612744,Golden State Warriors,4,9,44,Made Shot,Jump Shot,3PT Field Goal,Left Corner 3,Left Side(L),24+ ft.,23,-233,-15,1,1
111,Shot Chart Detail,0021500300,456,2571,Leandro Barbosa,1610612744,Golden State Warriors,4,7,37,Made Shot,Jump Shot,3PT Field Goal,Left Corner 3,Left Side(L),24+ ft.,23,-232,33,1,1
112,Shot Chart Detail,0021500300,460,2571,Leandro Barbosa,1610612744,Golden State Warriors,4,6,59,Made Shot,Jump Bank Shot,2PT Field Goal,In The Paint (Non-RA),Center(C),Less Than 8 ft.,7,-78,8,1,1
113,Shot Chart Detail,0021500336,132,2571,Leandro Barbosa,1610612744,Golden State Warriors,2,11,45,Made Shot,Running Layup Shot,2PT Field Goal,Restricted Area,Center(C),Less Than 8 ft.,0,-1,0,1,1
114,Shot Chart Detail,0021500336,140,2571,Leandro Barbosa,1610612744,Golden State Warriors,2,10,32,Made Shot,Driving Finger Roll Layup Shot,2PT Field Goal,Restricted Area,Center(C),Less Than 8 ft.,0,2,0,1,1
115,Shot Chart Detail,0021500336,147,2571,Leandro Barbosa,1610612744,Golden State Warriors,2,9,23,Missed Shot,Jump Shot,2PT Field Goal,Mid-Range,Left Side Center(LC),16-24 ft.,20,-117,169,1,0
116,Shot Chart Detail,0021500336,254,2571,Leandro Barbosa,1610612744,Golden State Warriors,2,1,41,Made Shot,Running Layup Shot,2PT Field Goal,Restricted Area,Center(C),Less Than 8 ft.,2,25,-1,1,1
117,Shot Chart Detail,0021500336,428,2571,Leandro Barbosa,1610612744,Golden State Warriors,4,11,41,Missed Shot,Jump Shot,2PT Field Goal,Mid-Range,Left Side Center(LC),16-24 ft.,18,-60,178,1,0
118,Shot Chart Detail,0021500336,666,2571,Leandro Barbosa,1610612744,Golden State Warriors,6,2,57,Missed Shot,Layup Shot,2PT Field Goal,Restricted Area,Center(C),Less Than 8 ft.,1,-9,8,1,0
119,Shot Chart Detail,0021500351,162,2571,Leandro Barbosa,1610612744,Golden State Warriors,2,9,30,Missed Shot,Jump Shot,3PT Field Goal,Left Corner 3,Left Side(L),24+ ft.,23,-239,-6,1,0
120,Shot Chart Detail,0021500351,442,2571,Leandro Barbosa,1610612744,Golden State Warriors,4,11,17,Missed Shot,Jump Shot,2PT Field Goal,Mid-Range,Left Side(L),16-24 ft.,18,-174,56,1,0
121,Shot Chart Detail,0021500351,477,2571,Leandro Barbosa,1610612744,Golden State Warriors,4,7,20,Missed Shot,Jump Shot,3PT Field Goal,Above the Break 3,Center(C),24+ ft.,26,38,259,1,0
122,Shot Chart Detail,0021500351,555,2571,Leandro Barbosa,1610612744,Golden State Warriors,4,0,26,Made Shot,Layup Shot,2PT Field Goal,Restricted Area,Center(C),Less Than 8 ft.,1,-14,0,1,1
123,Shot Chart Detail,0021500381,129,2571,Leandro Barbosa,1610612744,Golden State Warriors,2,10,3,Made Shot,Running Layup Shot,2PT Field Goal,Restricted Area,Center(C),Less Than 8 ft.,2,12,16,1,1
124,Shot Chart Detail,0021500381,132,2571,Leandro Barbosa,1610612744,Golden State Warriors,2,9,14,Missed Shot,Jump Shot,3PT Field Goal,Above the Break 3,Left Side Center(LC),24+ ft.,25,-166,198,1,0
125,Shot Chart Detail,0021500381,141,2571,Leandro Barbosa,1610612744,Golden State Warriors,2,8,21,Missed Shot,Running Layup Shot,2PT Field Goal,Restricted Area,Center(C),Less Than 8 ft.,1,15,13,1,0
126,Shot Chart Detail,0021500381,409,2571,Leandro Barbosa,1610612744,Golden State Warriors,4,10,13,Made Shot,Driving Layup Shot,2PT Field Goal,Restricted Area,Center(C),Less Than 8 ft.,1,-1,11,1,1
127,Shot Chart Detail,0021500381,416,2571,Leandro Barbosa,1610612744,Golden State Warriors,4,9,27,Missed Shot,Jump Shot,3PT Field Goal,Above the Break 3,Left Side Center(LC),24+ ft.,26,-202,164,1,0
128,Shot Chart Detail,0021500381,428,2571,Leandro Barbosa,1610612744,Golden State Warriors,4,8,19,Missed Shot,Jump Shot,3PT Field Goal,Above the Break 3,Center(C),24+ ft.,24,-48,242,1,0
129,Shot Chart Detail,0021500397,160,2571,Leandro Barbosa,1610612744,Golden State Warriors,2,10,34,Missed Shot,Driving Reverse Layup Shot,2PT Field Goal,Restricted Area,Center(C),Less Than 8 ft.,1,-17,7,1,0
130,Shot Chart Detail,0021500397,170,2571,Leandro Barbosa,1610612744,Golden State Warriors,2,9,52,Made Shot,Driving Finger Roll Layup Shot,2PT Field Goal,Restricted Area,Center(C),Less Than 8 ft.,1,-9,16,1,1
131,Shot Chart Detail,0021500397,205,2571,Leandro Barbosa,1610612744,Golden State Warriors,2,7,5,Missed Shot,Jump Shot,2PT Field Goal,In The Paint (Non-RA),Center(C),8-16 ft.,12,-58,110,1,0
132,Shot Chart Detail,0021500397,210,2571,Leandro Barbosa,1610612744,Golden State Warriors,2,6,26,Made Shot,Layup Shot,2PT Field Goal,Restricted Area,Center(C),Less Than 8 ft.,1,9,8,1,1
133,Shot Chart Detail,0021500397,415,2571,Leandro Barbosa,1610612744,Golden State Warriors,4,11,42,Missed Shot,Jump Shot,3PT Field Goal,Above the Break 3,Center(C),24+ ft.,26,69,257,1,0
134,Shot Chart Detail,0021500397,425,2571,Leandro Barbosa,1610612744,Golden State Warriors,4,10,53,Missed Shot,Floating Jump shot,2PT Field Goal,In The Paint (Non-RA),Center(C),8-16 ft.,9,9,92,1,0
135,Shot Chart Detail,0021500434,116,2571,Leandro Barbosa,1610612744,Golden State Warriors,2,10,26,Missed Shot,Floating Jump shot,2PT Field Goal,In The Paint (Non-RA),Center(C),Less Than 8 ft.,4,-9,41,1,0
136,Shot Chart Detail,0021500434,124,2571,Leandro Barbosa,1610612744,Golden State Warriors,2,9,49,Made Shot,Driving Layup Shot,2PT Field Goal,Restricted Area,Center(C),Less Than 8 ft.,2,-2,23,1,1
137,Shot Chart Detail,0021500434,132,2571,Leandro Barbosa,1610612744,Golden State Warriors,2,9,16,Made Shot,Jump Shot,2PT Field Goal,Mid-Range,Center(C),8-16 ft.,14,9,149,1,1
138,Shot Chart Detail,0021500434,288,2571,Leandro Barbosa,1610612744,Golden State Warriors,3,5,13,Missed Shot,Hook Shot,2PT Field Goal,In The Paint (Non-RA),Center(C),Less Than 8 ft.,4,25,43,1,0
139,Shot Chart Detail,0021500434,317,2571,Leandro Barbosa,1610612744,Golden State Warriors,3,2,40,Made Shot,Driving Layup Shot,2PT Field Goal,Restricted Area,Center(C),Less Than 8 ft.,1,-17,2,1,1
140,Shot Chart Detail,0021500434,355,2571,Leandro Barbosa,1610612744,Golden State Warriors,4,10,33,Made Shot,Running Layup Shot,2PT Field Goal,Restricted Area,Center(C),Less Than 8 ft.,2,6,21,1,1
141,Shot Chart Detail,0021500438,131,2571,Leandro Barbosa,1610612744,Golden State Warriors,2,11,45,Missed Shot,Driving Layup Shot,2PT Field Goal,Restricted Area,Center(C),Less Than 8 ft.,2,12,16,1,0
142,Shot Chart Detail,0021500438,157,2571,Leandro Barbosa,1610612744,Golden State Warriors,2,9,20,Missed Shot,Jump Shot,2PT Field Goal,Restricted Area,Center(C),Less Than 8 ft.,3,-12,38,1,0
143,Shot Chart Detail,0021500583,121,2571,Leandro Barbosa,1610612744,Golden State Warriors,1,1,51,Missed Shot,Jump Shot,3PT Field Goal,Left Corner 3,Left Side(L),24+ ft.,23,-232,41,1,0
144,Shot Chart Detail,0021500583,124,2571,Leandro Barbosa,1610612744,Golden State Warriors,1,1,34,Made Shot,Jump Shot,3PT Field Goal,Left Corner 3,Left Side(L),24+ ft.,22,-223,2,1,1
145,Shot Chart Detail,0021500583,466,2571,Leandro Barbosa,1610612744,Golden State Warriors,4,9,1,Missed Shot,Jump Shot,2PT Field Goal,Mid-Range,Right Side Center(RC),16-24 ft.,19,135,134,1,0
146,Shot Chart Detail,0021500592,165,2571,Leandro Barbosa,1610612744,Golden State Warriors,2,9,18,Missed Shot,Driving Finger Roll Layup Shot,2PT Field Goal,Restricted Area,Center(C),Less Than 8 ft.,2,12,16,1,0
147,Shot Chart Detail,0021500592,167,2571,Leandro Barbosa,1610612744,Golden State Warriors,2,9,8,Made Shot,Step Back Jump shot,3PT Field Goal,Above the Break 3,Right Side Center(RC),24+ ft.,24,128,210,1,1
148,Shot Chart Detail,0021500592,189,2571,Leandro Barbosa,1610612744,Golden State Warriors,2,6,44,Made Shot,Turnaround Jump Shot,2PT Field Goal,Mid-Range,Left Side Center(LC),16-24 ft.,16,-76,149,1,1
149,Shot Chart Detail,0021500592,426,2571,Leandro Barbosa,1610612744,Golden State Warriors,4,10,44,Made Shot,Jump Shot,2PT Field Goal,Mid-Range,Center(C),16-24 ft.,20,2,203,1,1
150,Shot Chart Detail,0021500592,429,2571,Leandro Barbosa,1610612744,Golden State Warriors,4,10,20,Made Shot,Running Layup Shot,2PT Field Goal,Restricted Area,Center(C),Less Than 8 ft.,2,-17,16,1,1
151,Shot Chart Detail,0021500592,440,2571,Leandro Barbosa,1610612744,Golden State Warriors,4,9,8,Missed Shot,Jump Shot,3PT Field Goal,Above the Break 3,Left Side Center(LC),24+ ft.,25,-214,139,1,0
152,Shot Chart Detail,0021500592,456,2571,Leandro Barbosa,1610612744,Golden State Warriors,4,7,39,Made Shot,Driving Finger Roll Layup Shot,2PT Field Goal,Restricted Area,Center(C),Less Than 8 ft.,2,1,23,1,1
153,Shot Chart Detail,0021500605,133,2571,Leandro Barbosa,1610612744,Golden State Warriors,2,10,37,Missed Shot,Jump Shot,2PT Field Goal,Mid-Range,Right Side Center(RC),16-24 ft.,20,134,150,1,0
154,Shot Chart Detail,0021500605,148,2571,Leandro Barbosa,1610612744,Golden State Warriors,2,9,38,Missed Shot,Jump Shot,2PT Field Goal,In The Paint (Non-RA),Center(C),Less Than 8 ft.,5,-45,38,1,0
155,Shot Chart Detail,0021500605,168,2571,Leandro Barbosa,1610612744,Golden State Warriors,2,8,4,Missed Shot,Jump Shot,2PT Field Goal,Restricted Area,Center(C),Less Than 8 ft.,3,-29,16,1,0
156,Shot Chart Detail,0021500605,420,2571,Leandro Barbosa,1610612744,Golden State Warriors,4,11,47,Missed Shot,Layup Shot,2PT Field Goal,Restricted Area,Center(C),Less Than 8 ft.,1,-17,-6,1,0
157,Shot Chart Detail,0021500605,423,2571,Leandro Barbosa,1610612744,Golden State Warriors,4,11,23,Missed Shot,Jump Shot,2PT Field Goal,In The Paint (Non-RA),Center(C),Less Than 8 ft.,4,33,28,1,0
158,Shot Chart Detail,0021500605,548,2571,Leandro Barbosa,1610612744,Golden State Warriors,4,0,47,Made Shot,Driving Layup Shot,2PT Field Goal,Restricted Area,Center(C),Less Than 8 ft.,0,1,0,1,1
159,Shot Chart Detail,0021500605,552,2571,Leandro Barbosa,1610612744,Golden State Warriors,4,0,16,Missed Shot,Jump Shot,3PT Field Goal,Above the Break 3,Left Side Center(LC),24+ ft.,24,-133,205,1,0
160,Shot Chart Detail,0021500622,390,2571,Leandro Barbosa,1610612744,Golden State Warriors,3,1,50,Missed Shot,Running Layup Shot,2PT Field Goal,Restricted Area,Center(C),Less Than 8 ft.,2,-4,28,1,0
161,Shot Chart Detail,0021500622,392,2571,Leandro Barbosa,1610612744,Golden State Warriors,3,1,32,Missed Shot,Jump Shot,3PT Field Goal,Left Corner 3,Left Side(L),24+ ft.,23,-237,2,1,0
162,Shot Chart Detail,0021500622,394,2571,Leandro Barbosa,1610612744,Golden State Warriors,3,1,15,Made Shot,Jump Shot,2PT Field Goal,Mid-Range,Left Side Center(LC),16-24 ft.,19,-158,120,1,1
163,Shot Chart Detail,0021500622,402,2571,Leandro Barbosa,1610612744,Golden State Warriors,3,0,0,Missed Shot,Jump Shot,3PT Field Goal,Above the Break 3,Left Side Center(LC),24+ ft.,26,-237,110,1,0
164,Shot Chart Detail,0021500622,496,2571,Leandro Barbosa,1610612744,Golden State Warriors,4,4,50,Made Shot,Jump Shot,2PT Field Goal,Mid-Range,Center(C),8-16 ft.,15,-1,156,1,1
165,Shot Chart Detail,0021500622,532,2571,Leandro Barbosa,1610612744,Golden State Warriors,4,2,34,Made Shot,Running Layup Shot,2PT Field Goal,Restricted Area,Center(C),Less Than 8 ft.,1,1,16,1,1
166,Shot Chart Detail,0021500634,85,2571,Leandro Barbosa,1610612744,Golden State Warriors,1,2,46,Made Shot,Driving Layup Shot,2PT Field Goal,Restricted Area,Center(C),Less Than 8 ft.,2,-22,3,1,1
167,Shot Chart Detail,0021500634,112,2571,Leandro Barbosa,1610612744,Golden State Warriors,1,0,35,Made Shot,Layup Shot,2PT Field Goal,Restricted Area,Center(C),Less Than 8 ft.,1,-18,4,1,1
168,Shot Chart Detail,0021500634,135,2571,Leandro Barbosa,1610612744,Golden State Warriors,2,11,5,Made Shot,Jump Shot,2PT Field Goal,Mid-Range,Left Side Center(LC),16-24 ft.,21,-166,141,1,1
169,Shot Chart Detail,0021500634,142,2571,Leandro Barbosa,1610612744,Golden State Warriors,2,10,17,Made Shot,Reverse Layup Shot,2PT Field Goal,Restricted Area,Center(C),Less Than 8 ft.,1,15,0,1,1
170,Shot Chart Detail,0021500634,366,2571,Leandro Barbosa,1610612744,Golden State Warriors,3,3,31,Missed Shot,Driving Layup Shot,2PT Field Goal,Restricted Area,Center(C),Less Than 8 ft.,1,-9,7,1,0
171,Shot Chart Detail,0021500634,427,2571,Leandro Barbosa,1610612744,Golden State Warriors,4,10,53,Missed Shot,Jump Shot,2PT Field Goal,Mid-Range,Left Side Center(LC),16-24 ft.,20,-127,165,1,0
172,Shot Chart Detail,0021500634,529,2571,Leandro Barbosa,1610612744,Golden State Warriors,4,2,58,Made Shot,Driving Floating Jump Shot,2PT Field Goal,In The Paint (Non-RA),Center(C),Less Than 8 ft.,4,19,41,1,1
173,Shot Chart Detail,0021500652,116,2571,Leandro Barbosa,1610612744,Golden State Warriors,1,0,54,Made Shot,Driving Layup Shot,2PT Field Goal,Restricted Area,Center(C),Less Than 8 ft.,2,19,13,1,1
174,Shot Chart Detail,0021500652,376,2571,Leandro Barbosa,1610612744,Golden State Warriors,3,3,0,Made Shot,Cutting Layup Shot,2PT Field Goal,Restricted Area,Center(C),Less Than 8 ft.,0,4,2,1,1
175,Shot Chart Detail,0021500652,393,2571,Leandro Barbosa,1610612744,Golden State Warriors,3,1,38,Missed Shot,Layup Shot,2PT Field Goal,Restricted Area,Center(C),Less Than 8 ft.,0,-4,3,1,0
176,Shot Chart Detail,0021500652,408,2571,Leandro Barbosa,1610612744,Golden State Warriors,3,0,30,Made Shot,Driving Layup Shot,2PT Field Goal,Restricted Area,Center(C),Less Than 8 ft.,0,9,0,1,1
177,Shot Chart Detail,0021500652,412,2571,Leandro Barbosa,1610612744,Golden State Warriors,3,0,1,Missed Shot,Jump Shot,2PT Field Goal,Restricted Area,Center(C),Less Than 8 ft.,3,-27,16,1,0
178,Shot Chart Detail,0021500652,437,2571,Leandro Barbosa,1610612744,Golden State Warriors,4,10,1,Made Shot,Jump Shot,2PT Field Goal,Mid-Range,Center(C),16-24 ft.,16,-11,165,1,1
179,Shot Chart Detail,0021500652,448,2571,Leandro Barbosa,1610612744,Golden State Warriors,4,8,55,Made Shot,Running Layup Shot,2PT Field Goal,Restricted Area,Center(C),Less Than 8 ft.,0,1,7,1,1
180,Shot Chart Detail,0021500675,73,2571,Leandro Barbosa,1610612744,Golden State Warriors,1,3,57,Missed Shot,Jump Shot,3PT Field Goal,Left Corner 3,Left Side(L),24+ ft.,24,-238,46,1,0
181,Shot Chart Detail,0021500675,128,2571,Leandro Barbosa,1610612744,Golden State Warriors,2,10,43,Made Shot,Driving Finger Roll Layup Shot,2PT Field Goal,Restricted Area,Center(C),Less Than 8 ft.,2,14,21,1,1
182,Shot Chart Detail,0021500675,354,2571,Leandro Barbosa,1610612744,Golden State Warriors,3,3,43,Missed Shot,Layup Shot,2PT Field Goal,Restricted Area,Center(C),Less Than 8 ft.,1,0,18,1,0
183,Shot Chart Detail,0021500675,415,2571,Leandro Barbosa,1610612744,Golden State Warriors,3,0,2,Missed Shot,Finger Roll Layup Shot,2PT Field Goal,Restricted Area,Center(C),Less Than 8 ft.,2,6,21,1,0
184,Shot Chart Detail,0021500675,446,2571,Leandro Barbosa,1610612744,Golden State Warriors,4,9,10,Missed Shot,Turnaround Jump Shot,2PT Field Goal,In The Paint (Non-RA),Center(C),Less Than 8 ft.,6,60,31,1,0
185,Shot Chart Detail,0021500675,466,2571,Leandro Barbosa,1610612744,Golden State Warriors,4,7,12,Missed Shot,Jump Shot,3PT Field Goal,Above the Break 3,Right Side Center(RC),24+ ft.,26,102,242,1,0
186,Shot Chart Detail,0021500691,89,2571,Leandro Barbosa,1610612744,Golden State Warriors,1,3,7,Made Shot,Running Layup Shot,2PT Field Goal,Restricted Area,Center(C),Less Than 8 ft.,0,6,7,1,1
187,Shot Chart Detail,0021500691,110,2571,Leandro Barbosa,1610612744,Golden State Warriors,1,0,39,Made Shot,Driving Finger Roll Layup Shot,2PT Field Goal,Restricted Area,Center(C),Less Than 8 ft.,1,10,7,1,1
188,Shot Chart Detail,0021500691,205,2571,Leandro Barbosa,1610612744,Golden State Warriors,2,2,39,Missed Shot,Driving Layup Shot,2PT Field Goal,Restricted Area,Center(C),Less Than 8 ft.,2,20,7,1,0
189,Shot Chart Detail,0021500707,135,2571,Leandro Barbosa,1610612744,Golden State Warriors,2,10,15,Made Shot,Driving Finger Roll Layup Shot,2PT Field Goal,Restricted Area,Center(C),Less Than 8 ft.,2,2,21,1,1
190,Shot Chart Detail,0021500707,140,2571,Leandro Barbosa,1610612744,Golden State Warriors,2,8,58,Made Shot,Jump Shot,3PT Field Goal,Above the Break 3,Left Side Center(LC),24+ ft.,26,-233,121,1,1
191,Shot Chart Detail,0021500707,334,2571,Leandro Barbosa,1610612744,Golden State Warriors,3,4,10,Missed Shot,Jump Shot,3PT Field Goal,Above the Break 3,Center(C),24+ ft.,27,-84,267,1,0
192,Shot Chart Detail,0021500707,361,2571,Leandro Barbosa,1610612744,Golden State Warriors,3,1,50,Missed Shot,Layup Shot,2PT Field Goal,Restricted Area,Center(C),Less Than 8 ft.,2,-20,7,1,0
193,Shot Chart Detail,0021500707,378,2571,Leandro Barbosa,1610612744,Golden State Warriors,3,0,2,Made Shot,Floating Jump shot,2PT Field Goal,Restricted Area,Center(C),Less Than 8 ft.,3,6,31,1,1
194,Shot Chart Detail,0021500718,129,2571,Leandro Barbosa,1610612744,Golden State Warriors,2,11,6,Missed Shot,Reverse Layup Shot,2PT Field Goal,Restricted Area,Center(C),Less Than 8 ft.,1,10,7,1,0
195,Shot Chart Detail,0021500718,376,2571,Leandro Barbosa,1610612744,Golden State Warriors,3,0,26,Made Shot,Jump Shot,2PT Field Goal,Mid-Range,Left Side(L),16-24 ft.,19,-196,2,1,1
196,Shot Chart Detail,0021500718,378,2571,Leandro Barbosa,1610612744,Golden State Warriors,3,0,0,Missed Shot,Running Jump Shot,2PT Field Goal,In The Paint (Non-RA),Center(C),Less Than 8 ft.,5,24,51,1,0
197,Shot Chart Detail,0021500718,433,2571,Leandro Barbosa,1610612744,Golden State Warriors,4,6,25,Made Shot,Jump Shot,3PT Field Goal,Left Corner 3,Left Side(L),24+ ft.,23,-235,-16,1,1
198,Shot Chart Detail,0021500739,114,2571,Leandro Barbosa,1610612744,Golden State Warriors,1,1,15,Missed Shot,Layup Shot,2PT Field Goal,Restricted Area,Center(C),Less Than 8 ft.,0,6,7,1,0
199,Shot Chart Detail,0021500739,123,2571,Leandro Barbosa,1610612744,Golden State Warriors,1,0,44,Missed Shot,Jump Shot,2PT Field Goal,Restricted Area,Center(C),Less Than 8 ft.,3,-32,2,1,0
200,Shot Chart Detail,0021500739,152,2571,Leandro Barbosa,1610612744,Golden State Warriors,2,9,57,Missed Shot,Layup Shot,2PT Field Goal,Restricted Area,Center(C),Less Than 8 ft.,1,-4,11,1,0
201,Shot Chart Detail,0021500739,475,2571,Leandro Barbosa,1610612744,Golden State Warriors,3,0,3,Made Shot,Jump Shot,2PT Field Goal,Mid-Range,Left Side(L),8-16 ft.,10,-106,26,1,1
202,Shot Chart Detail,0021500739,487,2571,Leandro Barbosa,1610612744,Golden State Warriors,4,10,53,Missed Shot,Jump Shot,3PT Field Goal,Left Corner 3,Left Side(L),24+ ft.,23,-225,51,1,0
203,Shot Chart Detail,0021500769,103,2571,Leandro Barbosa,1610612744,Golden State Warriors,1,2,22,Made Shot,Driving Layup Shot,2PT Field Goal,Restricted Area,Center(C),Less Than 8 ft.,2,17,11,1,1
204,Shot Chart Detail,0021500769,118,2571,Leandro Barbosa,1610612744,Golden State Warriors,1,0,47,Made Shot,Pullup Jump shot,3PT Field Goal,Left Corner 3,Left Side(L),24+ ft.,22,-227,7,1,1
205,Shot Chart Detail,0021500769,130,2571,Leandro Barbosa,1610612744,Golden State Warriors,2,11,42,Made Shot,Driving Layup Shot,2PT Field Goal,Restricted Area,Center(C),Less Than 8 ft.,2,14,16,1,1
206,Shot Chart Detail,0021500769,375,2571,Leandro Barbosa,1610612744,Golden State Warriors,3,2,49,Missed Shot,Jump Shot,3PT Field Goal,Above the Break 3,Left Side Center(LC),24+ ft.,24,-192,159,1,0
207,Shot Chart Detail,0021500769,419,2571,Leandro Barbosa,1610612744,Golden State Warriors,4,11,6,Made Shot,Running Finger Roll Layup Shot,2PT Field Goal,Restricted Area,Center(C),Less Than 8 ft.,1,15,11,1,1
208,Shot Chart Detail,0021500769,421,2571,Leandro Barbosa,1610612744,Golden State Warriors,4,10,13,Missed Shot,Jump Shot,3PT Field Goal,Left Corner 3,Left Side(L),24+ ft.,22,-227,36,1,0
209,Shot Chart Detail,0021500788,143,2571,Leandro Barbosa,1610612744,Golden State Warriors,2,9,39,Missed Shot,Jump Shot,3PT Field Goal,Above the Break 3,Right Side Center(RC),24+ ft.,26,137,223,1,0
210,Shot Chart Detail,0021500788,159,2571,Leandro Barbosa,1610612744,Golden State Warriors,2,8,8,Missed Shot,Driving Layup Shot,2PT Field Goal,Restricted Area,Center(C),Less Than 8 ft.,2,19,18,1,0
211,Shot Chart Detail,0021500788,390,2571,Leandro Barbosa,1610612744,Golden State Warriors,3,4,8,Made Shot,Alley Oop Layup shot,2PT Field Goal,Restricted Area,Center(C),Less Than 8 ft.,0,-4,7,1,1
212,Shot Chart Detail,0021500788,430,2571,Leandro Barbosa,1610612744,Golden State Warriors,3,1,38,Missed Shot,Layup Shot,2PT Field Goal,Restricted Area,Center(C),Less Than 8 ft.,3,18,24,1,0
213,Shot Chart Detail,0021500788,415,2571,Leandro Barbosa,1610612744,Golden State Warriors,3,1,36,Missed Shot,Jump Shot,2PT Field Goal,Restricted Area,Center(C),Less Than 8 ft.,3,4,31,1,0
214,Shot Chart Detail,0021500788,453,2571,Leandro Barbosa,1610612744,Golden State Warriors,4,10,10,Made Shot,Layup Shot,2PT Field Goal,Restricted Area,Center(C),Less Than 8 ft.,2,-2,21,1,1
215,Shot Chart Detail,0021500788,539,2571,Leandro Barbosa,1610612744,Golden State Warriors,4,9,55,Missed Shot,Jump Shot,2PT Field Goal,Mid-Range,Left Side(L),16-24 ft.,18,-164,90,1,0
216,Shot Chart Detail,0021500799,87,2571,Leandro Barbosa,1610612744,Golden State Warriors,1,3,8,Made Shot,Running Reverse Layup Shot,2PT Field Goal,Restricted Area,Center(C),Less Than 8 ft.,0,-1,-1,1,1
217,Shot Chart Detail,0021500799,94,2571,Leandro Barbosa,1610612744,Golden State Warriors,1,2,17,Made Shot,Reverse Layup Shot,2PT Field Goal,Restricted Area,Center(C),Less Than 8 ft.,1,-17,-1,1,1
218,Shot Chart Detail,0021500799,97,2571,Leandro Barbosa,1610612744,Golden State Warriors,1,1,45,Missed Shot,Finger Roll Layup Shot,2PT Field Goal,Restricted Area,Center(C),Less Than 8 ft.,0,9,-1,1,0
219,Shot Chart Detail,0021500799,145,2571,Leandro Barbosa,1610612744,Golden State Warriors,2,10,20,Made Shot,Driving Floating Jump Shot,2PT Field Goal,In The Paint (Non-RA),Center(C),Less Than 8 ft.,4,2,41,1,1
220,Shot Chart Detail,0021500799,343,2571,Leandro Barbosa,1610612744,Golden State Warriors,3,3,44,Missed Shot,Jump Shot,3PT Field Goal,Left Corner 3,Left Side(L),24+ ft.,23,-230,-1,1,0
221,Shot Chart Detail,0021500799,384,2571,Leandro Barbosa,1610612744,Golden State Warriors,3,1,43,Made Shot,Layup Shot,2PT Field Goal,Restricted Area,Center(C),Less Than 8 ft.,2,-4,26,1,1
222,Shot Chart Detail,0021500799,396,2571,Leandro Barbosa,1610612744,Golden State Warriors,3,0,43,Made Shot,Running Layup Shot,2PT Field Goal,Restricted Area,Center(C),Less Than 8 ft.,1,12,-1,1,1
223,Shot Chart Detail,0021500799,413,2571,Leandro Barbosa,1610612744,Golden State Warriors,4,11,5,Missed Shot,Layup Shot,2PT Field Goal,Restricted Area,Center(C),Less Than 8 ft.,1,-16,0,1,0
224,Shot Chart Detail,0021500799,419,2571,Leandro Barbosa,1610612744,Golden State Warriors,4,10,33,Missed Shot,Driving Reverse Layup Shot,2PT Field Goal,Restricted Area,Center(C),Less Than 8 ft.,1,-14,11,1,0
225,Shot Chart Detail,0021500815,107,2571,Leandro Barbosa,1610612744,Golden State Warriors,1,1,0,Missed Shot,Layup Shot,2PT Field Goal,Restricted Area,Center(C),Less Than 8 ft.,1,-19,2,1,0
226,Shot Chart Detail,0021500815,133,2571,Leandro Barbosa,1610612744,Golden State Warriors,2,10,40,Missed Shot,Fadeaway Jump Shot,2PT Field Goal,Mid-Range,Left Side(L),8-16 ft.,11,-112,7,1,0
227,Shot Chart Detail,0021500815,135,2571,Leandro Barbosa,1610612744,Golden State Warriors,2,10,31,Missed Shot,Driving Finger Roll Layup Shot,2PT Field Goal,Restricted Area,Center(C),Less Than 8 ft.,0,-1,2,1,0
228,Shot Chart Detail,0021500815,344,2571,Leandro Barbosa,1610612744,Golden State Warriors,3,4,7,Missed Shot,Driving Layup Shot,2PT Field Goal,Restricted Area,Center(C),Less Than 8 ft.,2,-24,3,1,0
229,Shot Chart Detail,0021500815,376,2571,Leandro Barbosa,1610612744,Golden State Warriors,3,1,42,Missed Shot,Jump Shot,3PT Field Goal,Above the Break 3,Left Side Center(LC),24+ ft.,24,-225,106,1,0
230,Shot Chart Detail,0021500815,388,2571,Leandro Barbosa,1610612744,Golden State Warriors,3,0,46,Made Shot,Running Layup Shot,2PT Field Goal,Restricted Area,Center(C),Less Than 8 ft.,0,4,2,1,1
231,Shot Chart Detail,0021500815,484,2571,Leandro Barbosa,1610612744,Golden State Warriors,4,4,52,Missed Shot,Jump Shot,3PT Field Goal,Above the Break 3,Center(C),24+ ft.,24,10,247,1,0
232,Shot Chart Detail,0021500822,215,2571,Leandro Barbosa,1610612744,Golden State Warriors,2,5,9,Missed Shot,Jump Shot,3PT Field Goal,Left Corner 3,Left Side(L),24+ ft.,24,-248,0,1,0
233,Shot Chart Detail,0021500822,241,2571,Leandro Barbosa,1610612744,Golden State Warriors,2,3,4,Made Shot,Driving Layup Shot,2PT Field Goal,Restricted Area,Center(C),Less Than 8 ft.,0,-7,7,1,1
234,Shot Chart Detail,0021500836,74,2571,Leandro Barbosa,1610612744,Golden State Warriors,1,3,11,Missed Shot,Jump Shot,3PT Field Goal,Above the Break 3,Right Side Center(RC),24+ ft.,25,105,229,1,0
235,Shot Chart Detail,0021500836,94,2571,Leandro Barbosa,1610612744,Golden State Warriors,1,1,27,Missed Shot,Jump Shot,3PT Field Goal,Right Corner 3,Right Side(R),24+ ft.,23,230,33,1,0
236,Shot Chart Detail,0021500836,105,2571,Leandro Barbosa,1610612744,Golden State Warriors,1,0,1,Made Shot,Jump Shot,3PT Field Goal,Left Corner 3,Left Side(L),24+ ft.,22,-227,11,1,1
237,Shot Chart Detail,0021500848,93,2571,Leandro Barbosa,1610612744,Golden State Warriors,1,3,42,Made Shot,Driving Floating Jump Shot,2PT Field Goal,In The Paint (Non-RA),Center(C),8-16 ft.,11,1,111,1,1
238,Shot Chart Detail,0021500848,105,2571,Leandro Barbosa,1610612744,Golden State Warriors,1,2,43,Missed Shot,Layup Shot,2PT Field Goal,Restricted Area,Center(C),Less Than 8 ft.,1,0,11,1,0
239,Shot Chart Detail,0021500848,370,2571,Leandro Barbosa,1610612744,Golden State Warriors,3,3,29,Missed Shot,Driving Layup Shot,2PT Field Goal,Restricted Area,Center(C),Less Than 8 ft.,2,-1,21,1,0
240,Shot Chart Detail,0021500848,435,2571,Leandro Barbosa,1610612744,Golden State Warriors,4,11,11,Made Shot,Driving Layup Shot,2PT Field Goal,Restricted Area,Center(C),Less Than 8 ft.,1,4,13,1,1
241,Shot Chart Detail,0021500848,446,2571,Leandro Barbosa,1610612744,Golden State Warriors,4,9,9,Made Shot,Jump Shot,2PT Field Goal,Mid-Range,Right Side Center(RC),16-24 ft.,18,68,169,1,1
242,Shot Chart Detail,0021500855,85,2571,Leandro Barbosa,1610612744,Golden State Warriors,1,4,1,Made Shot,Cutting Layup Shot,2PT Field Goal,Restricted Area,Center(C),Less Than 8 ft.,1,14,-5,1,1
243,Shot Chart Detail,0021500855,88,2571,Leandro Barbosa,1610612744,Golden State Warriors,1,3,42,Made Shot,Layup Shot,2PT Field Goal,Restricted Area,Center(C),Less Than 8 ft.,1,-16,3,1,1
244,Shot Chart Detail,0021500855,96,2571,Leandro Barbosa,1610612744,Golden State Warriors,1,2,51,Missed Shot,Jump Shot,2PT Field Goal,Mid-Range,Right Side Center(RC),16-24 ft.,22,147,166,1,0
245,Shot Chart Detail,0021500855,107,2571,Leandro Barbosa,1610612744,Golden State Warriors,1,1,55,Made Shot,Layup Shot,2PT Field Goal,Restricted Area,Center(C),Less Than 8 ft.,1,-16,2,1,1
246,Shot Chart Detail,0021500855,122,2571,Leandro Barbosa,1610612744,Golden State Warriors,1,0,54,Missed Shot,Jump Shot,3PT Field Goal,Above the Break 3,Left Side Center(LC),24+ ft.,25,-187,178,1,0
247,Shot Chart Detail,0021500855,153,2571,Leandro Barbosa,1610612744,Golden State Warriors,2,10,46,Missed Shot,Jump Shot,2PT Field Goal,In The Paint (Non-RA),Center(C),Less Than 8 ft.,4,-7,43,1,0
248,Shot Chart Detail,0021500874,101,2571,Leandro Barbosa,1610612744,Golden State Warriors,1,1,37,Missed Shot,Jump Shot,3PT Field Goal,Above the Break 3,Right Side Center(RC),24+ ft.,24,141,203,1,0
249,Shot Chart Detail,0021500874,128,2571,Leandro Barbosa,1610612744,Golden State Warriors,2,10,44,Made Shot,Jump Shot,2PT Field Goal,Mid-Range,Center(C),16-24 ft.,19,37,193,1,1
250,Shot Chart Detail,0021500874,130,2571,Leandro Barbosa,1610612744,Golden State Warriors,2,10,6,Made Shot,Driving Layup Shot,2PT Field Goal,Restricted Area,Center(C),Less Than 8 ft.,1,10,7,1,1
251,Shot Chart Detail,0021500874,139,2571,Leandro Barbosa,1610612744,Golden State Warriors,2,8,25,Missed Shot,Driving Layup Shot,2PT Field Goal,Restricted Area,Center(C),Less Than 8 ft.,2,20,11,1,0
252,Shot Chart Detail,0021500874,352,2571,Leandro Barbosa,1610612744,Golden State Warriors,3,2,16,Missed Shot,Jump Shot,2PT Field Goal,Mid-Range,Right Side Center(RC),16-24 ft.,22,179,144,1,0
253,Shot Chart Detail,0021500874,382,2571,Leandro Barbosa,1610612744,Golden State Warriors,4,11,32,Missed Shot,Jump Shot,3PT Field Goal,Above the Break 3,Right Side Center(RC),24+ ft.,23,86,223,1,0
254,Shot Chart Detail,0021500895,145,2571,Leandro Barbosa,1610612744,Golden State Warriors,2,11,29,Made Shot,Finger Roll Layup Shot,2PT Field Goal,Mid-Range,Left Side(L),8-16 ft.,9,-91,21,1,1
255,Shot Chart Detail,0021500895,154,2571,Leandro Barbosa,1610612744,Golden State Warriors,2,10,16,Made Shot,Pullup Jump shot,2PT Field Goal,Mid-Range,Right Side Center(RC),16-24 ft.,18,128,139,1,1
256,Shot Chart Detail,0021500895,156,2571,Leandro Barbosa,1610612744,Golden State Warriors,2,9,55,Made Shot,Jump Shot,3PT Field Goal,Above the Break 3,Right Side Center(RC),24+ ft.,26,210,169,1,1
257,Shot Chart Detail,0021500895,362,2571,Leandro Barbosa,1610612744,Golden State Warriors,3,0,0,Made Shot,Pullup Jump shot,2PT Field Goal,Mid-Range,Right Side(R),16-24 ft.,19,191,0,1,1
258,Shot Chart Detail,0021500895,384,2571,Leandro Barbosa,1610612744,Golden State Warriors,4,9,42,Missed Shot,Jump Shot,3PT Field Goal,Above the Break 3,Right Side Center(RC),24+ ft.,24,230,95,1,0
259,Shot Chart Detail,0021500895,394,2571,Leandro Barbosa,1610612744,Golden State Warriors,4,8,48,Missed Shot,Jump Shot,3PT Field Goal,Left Corner 3,Left Side(L),24+ ft.,23,-232,26,1,0
260,Shot Chart Detail,0021500895,432,2571,Leandro Barbosa,1610612744,Golden State Warriors,4,4,19,Missed Shot,Jump Shot,2PT Field Goal,Mid-Range,Left Side(L),8-16 ft.,15,-150,26,1,0
261,Shot Chart Detail,0021500911,96,2571,Leandro Barbosa,1610612744,Golden State Warriors,1,1,52,Made Shot,Jump Shot,2PT Field Goal,Mid-Range,Left Side Center(LC),16-24 ft.,21,-140,159,1,1
262,Shot Chart Detail,0021500911,131,2571,Leandro Barbosa,1610612744,Golden State Warriors,2,11,33,Missed Shot,Jump Shot,3PT Field Goal,Above the Break 3,Center(C),24+ ft.,24,-14,247,1,0
263,Shot Chart Detail,0021500911,383,2571,Leandro Barbosa,1610612744,Golden State Warriors,4,10,52,Made Shot,Driving Layup Shot,2PT Field Goal,Restricted Area,Center(C),Less Than 8 ft.,1,14,11,1,1
264,Shot Chart Detail,0021500911,407,2571,Leandro Barbosa,1610612744,Golden State Warriors,4,8,2,Missed Shot,Jump Shot,2PT Field Goal,Mid-Range,Left Side Center(LC),16-24 ft.,17,-127,126,1,0
265,Shot Chart Detail,0021500931,95,2571,Leandro Barbosa,1610612744,Golden State Warriors,1,2,27,Missed Shot,Fadeaway Jump Shot,2PT Field Goal,In The Paint (Non-RA),Center(C),Less Than 8 ft.,7,19,70,1,0
266,Shot Chart Detail,0021500931,125,2571,Leandro Barbosa,1610612744,Golden State Warriors,1,0,32,Made Shot,Running Layup Shot,2PT Field Goal,Restricted Area,Center(C),Less Than 8 ft.,1,10,13,1,1
267,Shot Chart Detail,0021500931,158,2571,Leandro Barbosa,1610612744,Golden State Warriors,2,9,19,Made Shot,Jump Shot,2PT Field Goal,Mid-Range,Right Side Center(RC),16-24 ft.,21,130,169,1,1
268,Shot Chart Detail,0021500931,162,2571,Leandro Barbosa,1610612744,Golden State Warriors,2,8,40,Missed Shot,Jump Shot,2PT Field Goal,In The Paint (Non-RA),Center(C),Less Than 8 ft.,4,27,41,1,0
269,Shot Chart Detail,0021500931,398,2571,Leandro Barbosa,1610612744,Golden State Warriors,3,0,0,Made Shot,Putback Layup Shot,2PT Field Goal,Restricted Area,Center(C),Less Than 8 ft.,3,-30,-11,1,1
270,Shot Chart Detail,0021500931,415,2571,Leandro Barbosa,1610612744,Golden State Warriors,4,10,2,Missed Shot,Jump Shot,3PT Field Goal,Above the Break 3,Right Side Center(RC),24+ ft.,25,195,159,1,0
271,Shot Chart Detail,0021500931,420,2571,Leandro Barbosa,1610612744,Golden State Warriors,4,9,38,Missed Shot,Jump Shot,3PT Field Goal,Above the Break 3,Center(C),24+ ft.,24,27,239,1,0
272,Shot Chart Detail,0021500931,491,2571,Leandro Barbosa,1610612744,Golden State Warriors,4,3,48,Made Shot,Floating Jump shot,2PT Field Goal,In The Paint (Non-RA),Center(C),Less Than 8 ft.,4,-32,31,1,1
273,Shot Chart Detail,0021500931,513,2571,Leandro Barbosa,1610612744,Golden State Warriors,4,1,35,Missed Shot,Driving Layup Shot,2PT Field Goal,Restricted Area,Center(C),Less Than 8 ft.,2,19,13,1,0
274,Shot Chart Detail,0021500943,87,2571,Leandro Barbosa,1610612744,Golden State Warriors,1,2,54,Missed Shot,Jump Shot,3PT Field Goal,Left Corner 3,Left Side(L),24+ ft.,22,-225,0,1,0
275,Shot Chart Detail,0021500943,401,2571,Leandro Barbosa,1610612744,Golden State Warriors,3,2,31,Made Shot,Running Layup Shot,2PT Field Goal,Restricted Area,Center(C),Less Than 8 ft.,2,19,8,1,1
276,Shot Chart Detail,0021500943,408,2571,Leandro Barbosa,1610612744,Golden State Warriors,3,1,35,Made Shot,Running Layup Shot,2PT Field Goal,Restricted Area,Center(C),Less Than 8 ft.,2,6,21,1,1
277,Shot Chart Detail,0021500943,419,2571,Leandro Barbosa,1610612744,Golden State Warriors,3,0,49,Made Shot,Pullup Jump shot,3PT Field Goal,Right Corner 3,Right Side(R),24+ ft.,23,232,2,1,1
278,Shot Chart Detail,0021500943,440,2571,Leandro Barbosa,1610612744,Golden State Warriors,4,10,52,Missed Shot,Jump Shot,2PT Field Goal,Mid-Range,Center(C),16-24 ft.,19,10,193,1,0
279,Shot Chart Detail,0021500943,449,2571,Leandro Barbosa,1610612744,Golden State Warriors,4,10,0,Made Shot,Driving Finger Roll Layup Shot,2PT Field Goal,Restricted Area,Center(C),Less Than 8 ft.,2,14,23,1,1
280,Shot Chart Detail,0021500958,73,2571,Leandro Barbosa,1610612744,Golden State Warriors,1,3,19,Made Shot,Running Finger Roll Layup Shot,2PT Field Goal,Restricted Area,Center(C),Less Than 8 ft.,0,2,7,1,1
281,Shot Chart Detail,0021500958,90,2571,Leandro Barbosa,1610612744,Golden State Warriors,1,1,46,Made Shot,Layup Shot,2PT Field Goal,Restricted Area,Center(C),Less Than 8 ft.,0,4,7,1,1
282,Shot Chart Detail,0021500958,97,2571,Leandro Barbosa,1610612744,Golden State Warriors,1,1,22,Missed Shot,Jump Shot,3PT Field Goal,Above the Break 3,Right Side Center(RC),24+ ft.,25,195,159,1,0
283,Shot Chart Detail,0021500958,317,2571,Leandro Barbosa,1610612744,Golden State Warriors,3,2,13,Made Shot,Reverse Layup Shot,2PT Field Goal,Restricted Area,Center(C),Less Than 8 ft.,0,-2,8,1,1
284,Shot Chart Detail,0021500958,350,2571,Leandro Barbosa,1610612744,Golden State Warriors,3,0,12,Made Shot,Jump Shot,3PT Field Goal,Above the Break 3,Left Side Center(LC),24+ ft.,25,-176,188,1,1
285,Shot Chart Detail,0021500958,353,2571,Leandro Barbosa,1610612744,Golden State Warriors,3,0,1,Made Shot,Running Layup Shot,2PT Field Goal,Restricted Area,Center(C),Less Than 8 ft.,2,-19,11,1,1
286,Shot Chart Detail,0021500958,398,2571,Leandro Barbosa,1610612744,Golden State Warriors,4,8,51,Made Shot,Fadeaway Jump Shot,2PT Field Goal,Mid-Range,Center(C),16-24 ft.,16,30,164,1,1
287,Shot Chart Detail,0021500958,404,2571,Leandro Barbosa,1610612744,Golden State Warriors,4,8,25,Missed Shot,Jump Shot,2PT Field Goal,Mid-Range,Right Side(R),8-16 ft.,10,91,61,1,0
288,Shot Chart Detail,0021500971,521,2571,Leandro Barbosa,1610612744,Golden State Warriors,4,3,1,Missed Shot,Jump Shot,3PT Field Goal,Above the Break 3,Left Side Center(LC),24+ ft.,25,-156,198,1,0
289,Shot Chart Detail,0021500996,66,2571,Leandro Barbosa,1610612744,Golden State Warriors,1,4,25,Made Shot,Pullup Jump shot,3PT Field Goal,Above the Break 3,Center(C),24+ ft.,24,45,237,1,1
290,Shot Chart Detail,0021500996,122,2571,Leandro Barbosa,1610612744,Golden State Warriors,2,10,14,Made Shot,Driving Reverse Layup Shot,2PT Field Goal,Restricted Area,Center(C),Less Than 8 ft.,2,22,13,1,1
291,Shot Chart Detail,0021500996,348,2571,Leandro Barbosa,1610612744,Golden State Warriors,3,4,15,Made Shot,Fadeaway Jump Shot,2PT Field Goal,Mid-Range,Left Side Center(LC),16-24 ft.,16,-124,110,1,1
292,Shot Chart Detail,0021500996,428,2571,Leandro Barbosa,1610612744,Golden State Warriors,4,9,20,Missed Shot,Fadeaway Jump Shot,2PT Field Goal,Mid-Range,Right Side(R),16-24 ft.,17,177,21,1,0
293,Shot Chart Detail,0021500996,523,2571,Leandro Barbosa,1610612744,Golden State Warriors,4,1,29,Made Shot,Driving Floating Jump Shot,2PT Field Goal,Mid-Range,Left Side(L),8-16 ft.,10,-92,47,1,1
294,Shot Chart Detail,0021500996,533,2571,Leandro Barbosa,1610612744,Golden State Warriors,4,0,7,Missed Shot,Floating Jump shot,2PT Field Goal,In The Paint (Non-RA),Center(C),Less Than 8 ft.,4,-20,38,1,0
295,Shot Chart Detail,0021501011,120,2571,Leandro Barbosa,1610612744,Golden State Warriors,2,11,9,Made Shot,Driving Finger Roll Layup Shot,2PT Field Goal,Restricted Area,Center(C),Less Than 8 ft.,0,-6,7,1,1
296,Shot Chart Detail,0021501011,314,2571,Leandro Barbosa,1610612744,Golden State Warriors,3,1,54,Made Shot,Running Finger Roll Layup Shot,2PT Field Goal,Restricted Area,Center(C),Less Than 8 ft.,1,-1,11,1,1
297,Shot Chart Detail,0021501011,337,2571,Leandro Barbosa,1610612744,Golden State Warriors,4,11,32,Missed Shot,Pullup Jump shot,2PT Field Goal,Mid-Range,Left Side Center(LC),16-24 ft.,17,-132,120,1,0
298,Shot Chart Detail,0021501011,341,2571,Leandro Barbosa,1610612744,Golden State Warriors,4,11,6,Missed Shot,Driving Finger Roll Layup Shot,2PT Field Goal,Restricted Area,Center(C),Less Than 8 ft.,2,-16,16,1,0
299,Shot Chart Detail,0021501011,358,2571,Leandro Barbosa,1610612744,Golden State Warriors,4,9,56,Missed Shot,Jump Shot,3PT Field Goal,Above the Break 3,Left Side Center(LC),24+ ft.,26,-158,208,1,0
300,Shot Chart Detail,0021501026,75,2571,Leandro Barbosa,1610612744,Golden State Warriors,1,4,25,Missed Shot,Jump Shot,3PT Field Goal,Above the Break 3,Right Side Center(RC),24+ ft.,23,212,111,1,0
301,Shot Chart Detail,0021501026,83,2571,Leandro Barbosa,1610612744,Golden State Warriors,1,3,34,Missed Shot,Turnaround Fadeaway shot,2PT Field Goal,Mid-Range,Right Side(R),8-16 ft.,9,91,18,1,0
302,Shot Chart Detail,0021501026,120,2571,Leandro Barbosa,1610612744,Golden State Warriors,1,0,15,Made Shot,Jump Shot,3PT Field Goal,Left Corner 3,Left Side(L),24+ ft.,23,-230,7,1,1
303,Shot Chart Detail,0021501026,141,2571,Leandro Barbosa,1610612744,Golden State Warriors,2,10,27,Missed Shot,Pullup Jump shot,2PT Field Goal,Mid-Range,Center(C),16-24 ft.,20,33,198,1,0
304,Shot Chart Detail,0021501026,426,2571,Leandro Barbosa,1610612744,Golden State Warriors,3,1,40,Made Shot,Layup Shot,2PT Field Goal,Restricted Area,Center(C),Less Than 8 ft.,2,20,16,1,1
305,Shot Chart Detail,0021501036,121,2571,Leandro Barbosa,1610612744,Golden State Warriors,1,0,27,Missed Shot,Jump Shot,3PT Field Goal,Above the Break 3,Right Side Center(RC),24+ ft.,25,197,154,1,0
306,Shot Chart Detail,0021501036,309,2571,Leandro Barbosa,1610612744,Golden State Warriors,3,4,16,Made Shot,Jump Shot,3PT Field Goal,Above the Break 3,Left Side Center(LC),24+ ft.,26,-232,121,1,1
307,Shot Chart Detail,0021501036,315,2571,Leandro Barbosa,1610612744,Golden State Warriors,3,3,23,Missed Shot,Jump Shot,3PT Field Goal,Above the Break 3,Left Side Center(LC),24+ ft.,25,-124,218,1,0
308,Shot Chart Detail,0021501036,321,2571,Leandro Barbosa,1610612744,Golden State Warriors,3,2,42,Made Shot,Jump Shot,3PT Field Goal,Above the Break 3,Right Side Center(RC),24+ ft.,25,153,203,1,1
309,Shot Chart Detail,0021501050,162,2571,Leandro Barbosa,1610612744,Golden State Warriors,2,8,13,Made Shot,Driving Layup Shot,2PT Field Goal,Restricted Area,Center(C),Less Than 8 ft.,1,-12,13,1,1
310,Shot Chart Detail,0021501050,166,2571,Leandro Barbosa,1610612744,Golden State Warriors,2,7,4,Missed Shot,Pullup Jump shot,2PT Field Goal,Mid-Range,Center(C),16-24 ft.,16,-43,156,1,0
311,Shot Chart Detail,0021501050,171,2571,Leandro Barbosa,1610612744,Golden State Warriors,2,6,58,Made Shot,Finger Roll Layup Shot,2PT Field Goal,Restricted Area,Center(C),Less Than 8 ft.,3,24,31,1,1
312,Shot Chart Detail,0021501050,354,2571,Leandro Barbosa,1610612744,Golden State Warriors,3,3,5,Missed Shot,Jump Shot,3PT Field Goal,Above the Break 3,Center(C),24+ ft.,25,50,249,1,0
313,Shot Chart Detail,0021501050,398,2571,Leandro Barbosa,1610612744,Golden State Warriors,3,0,0,Missed Shot,Jump Shot,3PT Field Goal,Above the Break 3,Left Side Center(LC),24+ ft.,38,-181,336,1,0
314,Shot Chart Detail,0021501050,422,2571,Leandro Barbosa,1610612744,Golden State Warriors,4,9,51,Made Shot,Layup Shot,2PT Field Goal,Restricted Area,Center(C),Less Than 8 ft.,1,-6,16,1,1
315,Shot Chart Detail,0021501050,440,2571,Leandro Barbosa,1610612744,Golden State Warriors,4,8,21,Made Shot,Layup Shot,2PT Field Goal,Restricted Area,Center(C),Less Than 8 ft.,1,0,16,1,1
316,Shot Chart Detail,0021501066,84,2571,Leandro Barbosa,1610612744,Golden State Warriors,1,3,30,Made Shot,Jump Shot,3PT Field Goal,Above the Break 3,Left Side Center(LC),24+ ft.,27,-150,228,1,1
317,Shot Chart Detail,0021501066,98,2571,Leandro Barbosa,1610612744,Golden State Warriors,1,2,2,Made Shot,Driving Layup Shot,2PT Field Goal,Restricted Area,Center(C),Less Than 8 ft.,2,14,16,1,1
318,Shot Chart Detail,0021501066,108,2571,Leandro Barbosa,1610612744,Golden State Warriors,1,1,6,Missed Shot,Running Layup Shot,2PT Field Goal,Restricted Area,Center(C),Less Than 8 ft.,1,9,7,1,0
319,Shot Chart Detail,0021501066,127,2571,Leandro Barbosa,1610612744,Golden State Warriors,2,11,43,Missed Shot,Driving Layup Shot,2PT Field Goal,Restricted Area,Center(C),Less Than 8 ft.,1,12,11,1,0
320,Shot Chart Detail,0021501066,334,2571,Leandro Barbosa,1610612744,Golden State Warriors,3,3,57,Missed Shot,Jump Shot,3PT Field Goal,Above the Break 3,Left Side Center(LC),24+ ft.,26,-145,218,1,0
321,Shot Chart Detail,0021501080,71,2571,Leandro Barbosa,1610612744,Golden State Warriors,1,3,21,Missed Shot,Pullup Jump shot,3PT Field Goal,Above the Break 3,Right Side Center(RC),24+ ft.,26,161,208,1,0
322,Shot Chart Detail,0021501080,102,2571,Leandro Barbosa,1610612744,Golden State Warriors,1,1,9,Made Shot,Finger Roll Layup Shot,2PT Field Goal,Restricted Area,Center(C),Less Than 8 ft.,1,-1,11,1,1
323,Shot Chart Detail,0021501080,368,2571,Leandro Barbosa,1610612744,Golden State Warriors,3,2,34,Missed Shot,Jump Shot,3PT Field Goal,Above the Break 3,Right Side Center(RC),24+ ft.,24,195,141,1,0
324,Shot Chart Detail,0021501080,387,2571,Leandro Barbosa,1610612744,Golden State Warriors,3,0,45,Made Shot,Pullup Jump shot,3PT Field Goal,Left Corner 3,Left Side(L),24+ ft.,22,-228,2,1,1
325,Shot Chart Detail,0021501080,454,2571,Leandro Barbosa,1610612744,Golden State Warriors,4,5,36,Missed Shot,Pullup Jump shot,2PT Field Goal,In The Paint (Non-RA),Center(C),8-16 ft.,13,58,121,1,0
326,Shot Chart Detail,0021501094,106,2571,Leandro Barbosa,1610612744,Golden State Warriors,1,1,36,Missed Shot,Layup Shot,2PT Field Goal,Restricted Area,Center(C),Less Than 8 ft.,0,-2,8,1,0
327,Shot Chart Detail,0021501094,362,2571,Leandro Barbosa,1610612744,Golden State Warriors,3,0,43,Made Shot,Running Finger Roll Layup Shot,2PT Field Goal,Restricted Area,Center(C),Less Than 8 ft.,1,10,16,1,1
328,Shot Chart Detail,0021501094,490,2571,Leandro Barbosa,1610612744,Golden State Warriors,4,0,15,Missed Shot,Driving Finger Roll Layup Shot,2PT Field Goal,Restricted Area,Center(C),Less Than 8 ft.,1,-17,8,1,0
329,Shot Chart Detail,0021501112,112,2571,Leandro Barbosa,1610612744,Golden State Warriors,1,1,31,Missed Shot,Fadeaway Jump Shot,2PT Field Goal,Mid-Range,Right Side(R),8-16 ft.,12,119,26,1,0
330,Shot Chart Detail,0021501112,351,2571,Leandro Barbosa,1610612744,Golden State Warriors,3,2,6,Made Shot,Cutting Layup Shot,2PT Field Goal,Restricted Area,Center(C),Less Than 8 ft.,2,9,28,1,1
331,Shot Chart Detail,0021501112,371,2571,Leandro Barbosa,1610612744,Golden State Warriors,3,0,0,Missed Shot,Jump Shot,3PT Field Goal,Backcourt,Back Court(BC),Back Court Shot,59,-174,565,1,0
332,Shot Chart Detail,0021501112,379,2571,Leandro Barbosa,1610612744,Golden State Warriors,4,11,20,Missed Shot,Floating Jump shot,2PT Field Goal,In The Paint (Non-RA),Center(C),Less Than 8 ft.,4,27,33,1,0
333,Shot Chart Detail,0021501112,385,2571,Leandro Barbosa,1610612744,Golden State Warriors,4,10,58,Made Shot,Driving Finger Roll Layup Shot,2PT Field Goal,Restricted Area,Center(C),Less Than 8 ft.,1,4,16,1,1
334,Shot Chart Detail,0021501112,519,2571,Leandro Barbosa,1610612744,Golden State Warriors,4,1,57,Missed Shot,Fadeaway Jump Shot,2PT Field Goal,In The Paint (Non-RA),Center(C),8-16 ft.,12,55,115,1,0
335,Shot Chart Detail,0021501119,98,2571,Leandro Barbosa,1610612744,Golden State Warriors,1,1,4,Made Shot,Driving Floating Bank Jump Shot,2PT Field Goal,Mid-Range,Left Side(L),8-16 ft.,12,-104,67,1,1
336,Shot Chart Detail,0021501119,119,2571,Leandro Barbosa,1610612744,Golden State Warriors,2,10,36,Missed Shot,Floating Jump shot,2PT Field Goal,In The Paint (Non-RA),Center(C),Less Than 8 ft.,5,46,31,1,0
337,Shot Chart Detail,0021501119,129,2571,Leandro Barbosa,1610612744,Golden State Warriors,2,9,29,Made Shot,Jump Shot,3PT Field Goal,Right Corner 3,Right Side(R),24+ ft.,23,227,77,1,1
338,Shot Chart Detail,0021501119,131,2571,Leandro Barbosa,1610612744,Golden State Warriors,2,9,17,Made Shot,Running Layup Shot,2PT Field Goal,Restricted Area,Center(C),Less Than 8 ft.,1,17,2,1,1
339,Shot Chart Detail,0021501119,357,2571,Leandro Barbosa,1610612744,Golden State Warriors,3,0,41,Missed Shot,Jump Shot,3PT Field Goal,Left Corner 3,Left Side(L),24+ ft.,23,-223,65,1,0
340,Shot Chart Detail,0021501136,88,2571,Leandro Barbosa,1610612744,Golden State Warriors,1,3,23,Made Shot,Cutting Layup Shot,2PT Field Goal,Restricted Area,Center(C),Less Than 8 ft.,2,20,11,1,1
341,Shot Chart Detail,0021501136,336,2571,Leandro Barbosa,1610612744,Golden State Warriors,3,3,44,Made Shot,Pullup Jump shot,2PT Field Goal,Mid-Range,Left Side(L),16-24 ft.,20,-176,111,1,1
342,Shot Chart Detail,0021501136,341,2571,Leandro Barbosa,1610612744,Golden State Warriors,3,3,27,Made Shot,Jump Shot,3PT Field Goal,Above the Break 3,Right Side Center(RC),24+ ft.,26,125,228,1,1
343,Shot Chart Detail,0021501136,400,2571,Leandro Barbosa,1610612744,Golden State Warriors,4,9,49,Missed Shot,Pullup Jump shot,3PT Field Goal,Above the Break 3,Right Side Center(RC),24+ ft.,25,82,237,1,0
344,Shot Chart Detail,0021501136,432,2571,Leandro Barbosa,1610612744,Golden State Warriors,4,6,19,Made Shot,Pullup Jump shot,3PT Field Goal,Right Corner 3,Right Side(R),24+ ft.,24,238,47,1,1
345,Shot Chart Detail,0021501152,142,2571,Leandro Barbosa,1610612744,Golden State Warriors,2,10,42,Made Shot,Driving Floating Jump Shot,2PT Field Goal,Mid-Range,Left Side(L),8-16 ft.,9,-84,33,1,1
346,Shot Chart Detail,0021501152,145,2571,Leandro Barbosa,1610612744,Golden State Warriors,2,10,19,Made Shot,Driving Finger Roll Layup Shot,2PT Field Goal,Restricted Area,Center(C),Less Than 8 ft.,2,-16,21,1,1
347,Shot Chart Detail,0021501152,149,2571,Leandro Barbosa,1610612744,Golden State Warriors,2,9,53,Missed Shot,Running Finger Roll Layup Shot,2PT Field Goal,Restricted Area,Center(C),Less Than 8 ft.,3,0,31,1,0
348,Shot Chart Detail,0021501152,351,2571,Leandro Barbosa,1610612744,Golden State Warriors,3,3,51,Missed Shot,Jump Shot,2PT Field Goal,Mid-Range,Center(C),16-24 ft.,16,12,160,1,0
349,Shot Chart Detail,0021501152,375,2571,Leandro Barbosa,1610612744,Golden State Warriors,3,0,52,Made Shot,Pullup Jump shot,3PT Field Goal,Above the Break 3,Center(C),24+ ft.,25,-40,247,1,1
350,Shot Chart Detail,0021501152,377,2571,Leandro Barbosa,1610612744,Golden State Warriors,3,0,26,Made Shot,Running Layup Shot,2PT Field Goal,Restricted Area,Center(C),Less Than 8 ft.,2,10,26,1,1
351,Shot Chart Detail,0021501152,496,2571,Leandro Barbosa,1610612744,Golden State Warriors,4,3,32,Made Shot,Cutting Finger Roll Layup Shot,2PT Field Goal,Restricted Area,Center(C),Less Than 8 ft.,2,-7,21,1,1
352,Shot Chart Detail,0021501152,516,2571,Leandro Barbosa,1610612744,Golden State Warriors,4,1,6,Made Shot,Jump Bank Shot,2PT Field Goal,Mid-Range,Right Side Center(RC),16-24 ft.,19,91,170,1,1
