,GRID_TYPE,GAME_ID,GAME_EVENT_ID,PLAYER_ID,PLAYER_NAME,TEAM_ID,TEAM_NAME,PERIOD,MINUTES_REMAINING,SECONDS_REMAINING,EVENT_TYPE,ACTION_TYPE,SHOT_TYPE,SHOT_ZONE_BASIC,SHOT_ZONE_AREA,SHOT_ZONE_RANGE,SHOT_DISTANCE,LOC_X,LOC_Y,SHOT_ATTEMPTED_FLAG,SHOT_MADE_FLAG
0,Shot Chart Detail,0021500003,15,101106,Andrew Bogut,1610612744,Golden State Warriors,1,9,33,Made Shot,Tip Layup Shot,2PT Field Goal,Restricted Area,Center(C),Less Than 8 ft.,0,-8,4,1,1
1,Shot Chart Detail,0021500003,34,101106,Andrew Bogut,1610612744,Golden State Warriors,1,7,29,Made Shot,Cutting Dunk Shot,2PT Field Goal,Restricted Area,Center(C),Less Than 8 ft.,0,0,1,1,1
2,Shot Chart Detail,0021500003,204,101106,Andrew Bogut,1610612744,Golden State Warriors,2,6,35,Made Shot,Alley Oop Layup shot,2PT Field Goal,Restricted Area,Center(C),Less Than 8 ft.,2,-17,23,1,1
3,Shot Chart Detail,0021500003,233,101106,Andrew Bogut,1610612744,Golden State Warriors,2,3,47,Made Shot,Cutting Layup Shot,2PT Field Goal,Restricted Area,Center(C),Less Than 8 ft.,1,9,16,1,1
4,Shot Chart Detail,0021500003,255,101106,Andrew Bogut,1610612744,Golden State Warriors,2,2,4,Made Shot,Cutting Layup Shot,2PT Field Goal,Restricted Area,Center(C),Less Than 8 ft.,1,10,2,1,1
5,Shot Chart Detail,0021500003,286,101106,Andrew Bogut,1610612744,Golden State Warriors,3,11,10,Made Shot,Floating Jump shot,2PT Field Goal,In The Paint (Non-RA),Center(C),Less Than 8 ft.,7,-14,75,1,1
6,Shot Chart Detail,0021500104,59,101106,Andrew Bogut,1610612744,Golden State Warriors,1,4,16,Missed Shot,No Shot,2PT Field Goal,Restricted Area,Center(C),Less Than 8 ft.,2,-7,21,1,0
7,Shot Chart Detail,0021500104,61,101106,Andrew Bogut,1610612744,Golden State Warriors,1,4,14,Made Shot,No Shot,2PT Field Goal,Restricted Area,Center(C),Less Than 8 ft.,0,-4,7,1,1
8,Shot Chart Detail,0021500104,79,101106,Andrew Bogut,1610612744,Golden State Warriors,1,3,1,Made Shot,Turnaround Hook Shot,2PT Field Goal,In The Paint (Non-RA),Center(C),Less Than 8 ft.,6,-4,61,1,1
9,Shot Chart Detail,0021500104,351,101106,Andrew Bogut,1610612744,Golden State Warriors,3,1,50,Missed Shot,No Shot,2PT Field Goal,Restricted Area,Center(C),Less Than 8 ft.,0,1,4,1,0
10,Shot Chart Detail,0021500104,353,101106,Andrew Bogut,1610612744,Golden State Warriors,3,1,49,Made Shot,No Shot,2PT Field Goal,Restricted Area,Center(C),Less Than 8 ft.,0,1,7,1,1
11,Shot Chart Detail,0021500104,357,101106,Andrew Bogut,1610612744,Golden State Warriors,3,1,3,Missed Shot,Layup Shot,2PT Field Goal,Restricted Area,Center(C),Less Than 8 ft.,0,2,0,1,0
12,Shot Chart Detail,0021500104,367,101106,Andrew Bogut,1610612744,Golden State Warriors,3,0,48,Made Shot,No Shot,2PT Field Goal,Restricted Area,Center(C),Less Than 8 ft.,1,-11,16,1,1
13,Shot Chart Detail,0021500120,118,101106,Andrew Bogut,1610612744,Golden State Warriors,1,0,0,Made Shot,Jump Shot,2PT Field Goal,Mid-Range,Right Side Center(RC),16-24 ft.,21,74,198,1,1
14,Shot Chart Detail,0021500120,457,101106,Andrew Bogut,1610612744,Golden State Warriors,4,10,40,Missed Shot,Floating Jump shot,2PT Field Goal,In The Paint (Non-RA),Center(C),8-16 ft.,8,-11,85,1,0
15,Shot Chart Detail,0021500120,463,101106,Andrew Bogut,1610612744,Golden State Warriors,4,9,40,Missed Shot,Jump Shot,2PT Field Goal,Mid-Range,Right Side Center(RC),16-24 ft.,21,101,190,1,0
16,Shot Chart Detail,0021500125,248,101106,Andrew Bogut,1610612744,Golden State Warriors,2,0,33,Made Shot,Alley Oop Dunk Shot,2PT Field Goal,Restricted Area,Center(C),Less Than 8 ft.,0,0,1,1,1
17,Shot Chart Detail,0021500125,284,101106,Andrew Bogut,1610612744,Golden State Warriors,3,9,13,Missed Shot,Jump Shot,2PT Field Goal,In The Paint (Non-RA),Center(C),Less Than 8 ft.,6,19,65,1,0
18,Shot Chart Detail,0021500125,306,101106,Andrew Bogut,1610612744,Golden State Warriors,3,7,37,Made Shot,Tip Layup Shot,2PT Field Goal,Restricted Area,Center(C),Less Than 8 ft.,0,-7,7,1,1
19,Shot Chart Detail,0021500144,74,101106,Andrew Bogut,1610612744,Golden State Warriors,1,2,11,Made Shot,Tip Layup Shot,2PT Field Goal,Restricted Area,Center(C),Less Than 8 ft.,0,-6,7,1,1
20,Shot Chart Detail,0021500144,115,101106,Andrew Bogut,1610612744,Golden State Warriors,2,10,0,Made Shot,Putback Dunk Shot,2PT Field Goal,Restricted Area,Center(C),Less Than 8 ft.,0,0,1,1,1
21,Shot Chart Detail,0021500144,347,101106,Andrew Bogut,1610612744,Golden State Warriors,4,11,17,Made Shot,Turnaround Hook Shot,2PT Field Goal,In The Paint (Non-RA),Center(C),Less Than 8 ft.,7,22,75,1,1
22,Shot Chart Detail,0021500144,356,101106,Andrew Bogut,1610612744,Golden State Warriors,4,9,37,Made Shot,Driving Hook Shot,2PT Field Goal,In The Paint (Non-RA),Center(C),Less Than 8 ft.,4,-6,41,1,1
23,Shot Chart Detail,0021500144,369,101106,Andrew Bogut,1610612744,Golden State Warriors,4,7,52,Missed Shot,Floating Jump shot,2PT Field Goal,In The Paint (Non-RA),Center(C),8-16 ft.,9,0,92,1,0
24,Shot Chart Detail,0021500144,378,101106,Andrew Bogut,1610612744,Golden State Warriors,4,6,52,Missed Shot,Layup Shot,2PT Field Goal,Restricted Area,Center(C),Less Than 8 ft.,2,-9,18,1,0
25,Shot Chart Detail,0021500144,496,101106,Andrew Bogut,1610612744,Golden State Warriors,5,4,33,Made Shot,Alley Oop Dunk Shot,2PT Field Goal,Restricted Area,Center(C),Less Than 8 ft.,0,0,1,1,1
26,Shot Chart Detail,0021500164,151,101106,Andrew Bogut,1610612744,Golden State Warriors,2,9,36,Missed Shot,Tip Layup Shot,2PT Field Goal,Restricted Area,Center(C),Less Than 8 ft.,0,-1,-1,1,0
27,Shot Chart Detail,0021500164,163,101106,Andrew Bogut,1610612744,Golden State Warriors,2,8,15,Made Shot,Turnaround Hook Shot,2PT Field Goal,In The Paint (Non-RA),Center(C),Less Than 8 ft.,7,68,31,1,1
28,Shot Chart Detail,0021500164,254,101106,Andrew Bogut,1610612744,Golden State Warriors,3,9,59,Made Shot,Alley Oop Dunk Shot,2PT Field Goal,Restricted Area,Center(C),Less Than 8 ft.,0,0,1,1,1
29,Shot Chart Detail,0021500164,257,101106,Andrew Bogut,1610612744,Golden State Warriors,3,9,25,Made Shot,Tip Dunk Shot,2PT Field Goal,Restricted Area,Center(C),Less Than 8 ft.,0,0,1,1,1
30,Shot Chart Detail,0021500164,262,101106,Andrew Bogut,1610612744,Golden State Warriors,3,8,30,Made Shot,Driving Dunk Shot,2PT Field Goal,Restricted Area,Center(C),Less Than 8 ft.,0,0,1,1,1
31,Shot Chart Detail,0021500164,460,101106,Andrew Bogut,1610612744,Golden State Warriors,4,5,48,Made Shot,Running Alley Oop Dunk Shot,2PT Field Goal,Restricted Area,Center(C),Less Than 8 ft.,0,0,1,1,1
32,Shot Chart Detail,0021500177,4,101106,Andrew Bogut,1610612744,Golden State Warriors,1,11,37,Missed Shot,Jump Shot,2PT Field Goal,Mid-Range,Left Side Center(LC),16-24 ft.,21,-147,151,1,0
33,Shot Chart Detail,0021500177,266,101106,Andrew Bogut,1610612744,Golden State Warriors,2,0,46,Missed Shot,Reverse Layup Shot,2PT Field Goal,In The Paint (Non-RA),Center(C),Less Than 8 ft.,4,-20,36,1,0
34,Shot Chart Detail,0021500177,317,101106,Andrew Bogut,1610612744,Golden State Warriors,3,9,10,Made Shot,Alley Oop Layup shot,2PT Field Goal,Restricted Area,Center(C),Less Than 8 ft.,2,-11,23,1,1
35,Shot Chart Detail,0021500187,163,101106,Andrew Bogut,1610612744,Golden State Warriors,2,4,42,Missed Shot,Hook Shot,2PT Field Goal,In The Paint (Non-RA),Center(C),Less Than 8 ft.,6,10,67,1,0
36,Shot Chart Detail,0021500187,177,101106,Andrew Bogut,1610612744,Golden State Warriors,2,3,37,Made Shot,Tip Layup Shot,2PT Field Goal,Restricted Area,Center(C),Less Than 8 ft.,1,-11,7,1,1
37,Shot Chart Detail,0021500200,2,101106,Andrew Bogut,1610612744,Golden State Warriors,1,11,44,Made Shot,Hook Shot,2PT Field Goal,In The Paint (Non-RA),Center(C),Less Than 8 ft.,4,-40,7,1,1
38,Shot Chart Detail,0021500200,14,101106,Andrew Bogut,1610612744,Golden State Warriors,1,9,52,Made Shot,Alley Oop Dunk Shot,2PT Field Goal,Restricted Area,Center(C),Less Than 8 ft.,0,0,1,1,1
39,Shot Chart Detail,0021500200,56,101106,Andrew Bogut,1610612744,Golden State Warriors,1,5,45,Made Shot,Hook Shot,2PT Field Goal,In The Paint (Non-RA),Center(C),Less Than 8 ft.,4,0,46,1,1
40,Shot Chart Detail,0021500200,65,101106,Andrew Bogut,1610612744,Golden State Warriors,1,4,59,Missed Shot,Layup Shot,2PT Field Goal,Restricted Area,Center(C),Less Than 8 ft.,0,9,2,1,0
41,Shot Chart Detail,0021500200,68,101106,Andrew Bogut,1610612744,Golden State Warriors,1,4,51,Made Shot,Alley Oop Dunk Shot,2PT Field Goal,Restricted Area,Center(C),Less Than 8 ft.,0,0,1,1,1
42,Shot Chart Detail,0021500214,20,101106,Andrew Bogut,1610612744,Golden State Warriors,1,9,45,Missed Shot,Hook Shot,2PT Field Goal,In The Paint (Non-RA),Center(C),Less Than 8 ft.,7,66,31,1,0
43,Shot Chart Detail,0021500214,173,101106,Andrew Bogut,1610612744,Golden State Warriors,2,6,17,Missed Shot,Jump Shot,2PT Field Goal,In The Paint (Non-RA),Center(C),Less Than 8 ft.,7,-12,70,1,0
44,Shot Chart Detail,0021500214,183,101106,Andrew Bogut,1610612744,Golden State Warriors,2,5,52,Made Shot,Alley Oop Dunk Shot,2PT Field Goal,Restricted Area,Center(C),Less Than 8 ft.,0,0,1,1,1
45,Shot Chart Detail,0021500214,196,101106,Andrew Bogut,1610612744,Golden State Warriors,2,4,11,Made Shot,Dunk Shot,2PT Field Goal,Restricted Area,Center(C),Less Than 8 ft.,0,0,1,1,1
46,Shot Chart Detail,0021500214,238,101106,Andrew Bogut,1610612744,Golden State Warriors,3,11,23,Made Shot,Alley Oop Dunk Shot,2PT Field Goal,Restricted Area,Center(C),Less Than 8 ft.,0,0,1,1,1
47,Shot Chart Detail,0021500214,245,101106,Andrew Bogut,1610612744,Golden State Warriors,3,10,45,Made Shot,Alley Oop Dunk Shot,2PT Field Goal,Restricted Area,Center(C),Less Than 8 ft.,0,0,1,1,1
48,Shot Chart Detail,0021500214,255,101106,Andrew Bogut,1610612744,Golden State Warriors,3,9,45,Missed Shot,Driving Hook Shot,2PT Field Goal,In The Paint (Non-RA),Right Side(R),8-16 ft.,9,68,72,1,0
49,Shot Chart Detail,0021500236,2,101106,Andrew Bogut,1610612744,Golden State Warriors,1,11,43,Missed Shot,Hook Shot,2PT Field Goal,In The Paint (Non-RA),Center(C),Less Than 8 ft.,4,-45,21,1,0
50,Shot Chart Detail,0021500236,6,101106,Andrew Bogut,1610612744,Golden State Warriors,1,11,17,Made Shot,Hook Bank Shot,2PT Field Goal,In The Paint (Non-RA),Center(C),Less Than 8 ft.,6,60,2,1,1
51,Shot Chart Detail,0021500236,36,101106,Andrew Bogut,1610612744,Golden State Warriors,1,7,55,Made Shot,Layup Shot,2PT Field Goal,Restricted Area,Center(C),Less Than 8 ft.,2,-19,16,1,1
52,Shot Chart Detail,0021500236,46,101106,Andrew Bogut,1610612744,Golden State Warriors,1,6,46,Made Shot,Running Alley Oop Layup Shot,2PT Field Goal,Restricted Area,Center(C),Less Than 8 ft.,0,6,2,1,1
53,Shot Chart Detail,0021500236,295,101106,Andrew Bogut,1610612744,Golden State Warriors,3,9,27,Missed Shot,Turnaround Hook Shot,2PT Field Goal,In The Paint (Non-RA),Center(C),Less Than 8 ft.,7,-63,43,1,0
54,Shot Chart Detail,0021500245,25,101106,Andrew Bogut,1610612744,Golden State Warriors,1,8,40,Missed Shot,Floating Jump shot,2PT Field Goal,In The Paint (Non-RA),Center(C),8-16 ft.,10,-1,101,1,0
55,Shot Chart Detail,0021500245,246,101106,Andrew Bogut,1610612744,Golden State Warriors,2,1,30,Made Shot,Dunk Shot,2PT Field Goal,Restricted Area,Center(C),Less Than 8 ft.,0,0,1,1,1
56,Shot Chart Detail,0021500245,330,101106,Andrew Bogut,1610612744,Golden State Warriors,3,5,7,Made Shot,Alley Oop Layup shot,2PT Field Goal,Restricted Area,Center(C),Less Than 8 ft.,1,-7,11,1,1
57,Shot Chart Detail,0021500259,37,101106,Andrew Bogut,1610612744,Golden State Warriors,1,7,55,Made Shot,Layup Shot,2PT Field Goal,Restricted Area,Center(C),Less Than 8 ft.,1,17,2,1,1
58,Shot Chart Detail,0021500259,398,101106,Andrew Bogut,1610612744,Golden State Warriors,4,9,4,Made Shot,Tip Layup Shot,2PT Field Goal,Restricted Area,Center(C),Less Than 8 ft.,0,-7,0,1,1
59,Shot Chart Detail,0021500268,55,101106,Andrew Bogut,1610612744,Golden State Warriors,1,6,21,Made Shot,Putback Layup Shot,2PT Field Goal,Restricted Area,Center(C),Less Than 8 ft.,0,-4,8,1,1
60,Shot Chart Detail,0021500268,245,101106,Andrew Bogut,1610612744,Golden State Warriors,2,1,0,Made Shot,Layup Shot,2PT Field Goal,Restricted Area,Center(C),Less Than 8 ft.,1,-11,3,1,1
61,Shot Chart Detail,0021500300,38,101106,Andrew Bogut,1610612744,Golden State Warriors,1,8,8,Missed Shot,Hook Shot,2PT Field Goal,In The Paint (Non-RA),Center(C),Less Than 8 ft.,6,-2,61,1,0
62,Shot Chart Detail,0021500314,29,101106,Andrew Bogut,1610612744,Golden State Warriors,1,9,24,Made Shot,Cutting Layup Shot,2PT Field Goal,Restricted Area,Center(C),Less Than 8 ft.,0,1,1,1,1
63,Shot Chart Detail,0021500314,85,101106,Andrew Bogut,1610612744,Golden State Warriors,1,4,51,Made Shot,Alley Oop Layup shot,2PT Field Goal,Restricted Area,Center(C),Less Than 8 ft.,0,6,2,1,1
64,Shot Chart Detail,0021500314,94,101106,Andrew Bogut,1610612744,Golden State Warriors,1,3,34,Made Shot,Alley Oop Dunk Shot,2PT Field Goal,Restricted Area,Center(C),Less Than 8 ft.,1,-12,2,1,1
65,Shot Chart Detail,0021500314,275,101106,Andrew Bogut,1610612744,Golden State Warriors,3,11,9,Made Shot,Alley Oop Dunk Shot,2PT Field Goal,Restricted Area,Center(C),Less Than 8 ft.,0,0,1,1,1
66,Shot Chart Detail,0021500314,278,101106,Andrew Bogut,1610612744,Golden State Warriors,3,10,32,Made Shot,Alley Oop Dunk Shot,2PT Field Goal,Restricted Area,Center(C),Less Than 8 ft.,0,0,1,1,1
67,Shot Chart Detail,0021500314,283,101106,Andrew Bogut,1610612744,Golden State Warriors,3,9,46,Made Shot,Alley Oop Dunk Shot,2PT Field Goal,Restricted Area,Center(C),Less Than 8 ft.,0,0,1,1,1
68,Shot Chart Detail,0021500314,305,101106,Andrew Bogut,1610612744,Golden State Warriors,3,7,31,Missed Shot,Tip Layup Shot,2PT Field Goal,Restricted Area,Center(C),Less Than 8 ft.,0,-6,3,1,0
69,Shot Chart Detail,0021500314,336,101106,Andrew Bogut,1610612744,Golden State Warriors,3,4,27,Made Shot,Tip Layup Shot,2PT Field Goal,Restricted Area,Center(C),Less Than 8 ft.,0,-1,7,1,1
70,Shot Chart Detail,0021500336,11,101106,Andrew Bogut,1610612744,Golden State Warriors,1,10,32,Missed Shot,Alley Oop Dunk Shot,2PT Field Goal,Restricted Area,Center(C),Less Than 8 ft.,0,0,1,1,0
71,Shot Chart Detail,0021500336,187,101106,Andrew Bogut,1610612744,Golden State Warriors,2,6,21,Missed Shot,Alley Oop Layup shot,2PT Field Goal,Restricted Area,Center(C),Less Than 8 ft.,1,9,7,1,0
72,Shot Chart Detail,0021500336,288,101106,Andrew Bogut,1610612744,Golden State Warriors,3,10,56,Made Shot,Floating Jump shot,2PT Field Goal,In The Paint (Non-RA),Center(C),8-16 ft.,9,-43,82,1,1
73,Shot Chart Detail,0021500336,333,101106,Andrew Bogut,1610612744,Golden State Warriors,3,6,56,Missed Shot,Floating Jump shot,2PT Field Goal,Mid-Range,Right Side(R),8-16 ft.,9,89,36,1,0
74,Shot Chart Detail,0021500336,660,101106,Andrew Bogut,1610612744,Golden State Warriors,6,3,30,Missed Shot,Hook Shot,2PT Field Goal,In The Paint (Non-RA),Right Side(R),8-16 ft.,10,76,65,1,0
75,Shot Chart Detail,0021500351,9,101106,Andrew Bogut,1610612744,Golden State Warriors,1,11,1,Made Shot,Dunk Shot,2PT Field Goal,Restricted Area,Center(C),Less Than 8 ft.,0,0,1,1,1
76,Shot Chart Detail,0021500351,40,101106,Andrew Bogut,1610612744,Golden State Warriors,1,10,27,Missed Shot,Turnaround Hook Shot,2PT Field Goal,In The Paint (Non-RA),Center(C),Less Than 8 ft.,4,44,9,1,0
77,Shot Chart Detail,0021500351,261,101106,Andrew Bogut,1610612744,Golden State Warriors,2,0,10,Missed Shot,Layup Shot,2PT Field Goal,Restricted Area,Center(C),Less Than 8 ft.,2,-17,11,1,0
78,Shot Chart Detail,0021500434,11,101106,Andrew Bogut,1610612744,Golden State Warriors,1,10,11,Missed Shot,Tip Layup Shot,2PT Field Goal,Restricted Area,Center(C),Less Than 8 ft.,1,-4,16,1,0
79,Shot Chart Detail,0021500434,59,101106,Andrew Bogut,1610612744,Golden State Warriors,1,4,54,Missed Shot,Tip Layup Shot,2PT Field Goal,Restricted Area,Center(C),Less Than 8 ft.,1,-4,11,1,0
80,Shot Chart Detail,0021500434,173,101106,Andrew Bogut,1610612744,Golden State Warriors,2,5,39,Made Shot,Putback Layup Shot,2PT Field Goal,Restricted Area,Center(C),Less Than 8 ft.,2,-19,21,1,1
81,Shot Chart Detail,0021500434,185,101106,Andrew Bogut,1610612744,Golden State Warriors,2,3,48,Missed Shot,Hook Shot,2PT Field Goal,In The Paint (Non-RA),Center(C),Less Than 8 ft.,5,2,56,1,0
82,Shot Chart Detail,0021500434,206,101106,Andrew Bogut,1610612744,Golden State Warriors,2,1,47,Made Shot,Turnaround Hook Shot,2PT Field Goal,In The Paint (Non-RA),Center(C),Less Than 8 ft.,6,14,61,1,1
83,Shot Chart Detail,0021500434,254,101106,Andrew Bogut,1610612744,Golden State Warriors,3,8,29,Missed Shot,Hook Shot,2PT Field Goal,In The Paint (Non-RA),Center(C),Less Than 8 ft.,4,1,46,1,0
84,Shot Chart Detail,0021500434,266,101106,Andrew Bogut,1610612744,Golden State Warriors,3,7,20,Made Shot,Alley Oop Layup shot,2PT Field Goal,Restricted Area,Center(C),Less Than 8 ft.,1,-4,16,1,1
85,Shot Chart Detail,0021500434,289,101106,Andrew Bogut,1610612744,Golden State Warriors,3,5,12,Made Shot,Tip Layup Shot,2PT Field Goal,Restricted Area,Center(C),Less Than 8 ft.,2,-17,18,1,1
86,Shot Chart Detail,0021500438,10,101106,Andrew Bogut,1610612744,Golden State Warriors,1,10,29,Made Shot,Cutting Dunk Shot,2PT Field Goal,Restricted Area,Center(C),Less Than 8 ft.,0,0,1,1,1
87,Shot Chart Detail,0021500438,16,101106,Andrew Bogut,1610612744,Golden State Warriors,1,9,23,Made Shot,Alley Oop Layup shot,2PT Field Goal,Restricted Area,Center(C),Less Than 8 ft.,2,0,21,1,1
88,Shot Chart Detail,0021500468,370,101106,Andrew Bogut,1610612744,Golden State Warriors,3,6,35,Made Shot,Dunk Shot,2PT Field Goal,Restricted Area,Center(C),Less Than 8 ft.,0,0,1,1,1
89,Shot Chart Detail,0021500468,386,101106,Andrew Bogut,1610612744,Golden State Warriors,3,4,35,Made Shot,Alley Oop Dunk Shot,2PT Field Goal,Restricted Area,Center(C),Less Than 8 ft.,0,0,1,1,1
90,Shot Chart Detail,0021500480,2,101106,Andrew Bogut,1610612744,Golden State Warriors,1,11,36,Made Shot,Layup Shot,2PT Field Goal,Restricted Area,Center(C),Less Than 8 ft.,2,20,-1,1,1
91,Shot Chart Detail,0021500480,15,101106,Andrew Bogut,1610612744,Golden State Warriors,1,9,33,Made Shot,Tip Layup Shot,2PT Field Goal,Restricted Area,Center(C),Less Than 8 ft.,2,24,0,1,1
92,Shot Chart Detail,0021500480,152,101106,Andrew Bogut,1610612744,Golden State Warriors,2,6,57,Made Shot,Alley Oop Layup shot,2PT Field Goal,Restricted Area,Center(C),Less Than 8 ft.,2,19,16,1,1
93,Shot Chart Detail,0021500480,305,101106,Andrew Bogut,1610612744,Golden State Warriors,3,6,37,Made Shot,Turnaround Hook Shot,2PT Field Goal,Mid-Range,Right Side(R),8-16 ft.,10,107,11,1,1
94,Shot Chart Detail,0021500485,12,101106,Andrew Bogut,1610612744,Golden State Warriors,1,10,20,Made Shot,Hook Shot,2PT Field Goal,In The Paint (Non-RA),Center(C),Less Than 8 ft.,7,-6,72,1,1
95,Shot Chart Detail,0021500485,94,101106,Andrew Bogut,1610612744,Golden State Warriors,1,4,23,Made Shot,Cutting Dunk Shot,2PT Field Goal,Restricted Area,Center(C),Less Than 8 ft.,0,0,1,1,1
96,Shot Chart Detail,0021500485,119,101106,Andrew Bogut,1610612744,Golden State Warriors,1,1,55,Made Shot,Alley Oop Dunk Shot,2PT Field Goal,Restricted Area,Center(C),Less Than 8 ft.,0,0,1,1,1
97,Shot Chart Detail,0021500485,223,101106,Andrew Bogut,1610612744,Golden State Warriors,2,5,46,Missed Shot,Tip Layup Shot,2PT Field Goal,Restricted Area,Center(C),Less Than 8 ft.,0,-4,7,1,0
98,Shot Chart Detail,0021500485,247,101106,Andrew Bogut,1610612744,Golden State Warriors,2,3,46,Missed Shot,Jump Shot,2PT Field Goal,In The Paint (Non-RA),Center(C),Less Than 8 ft.,4,-1,47,1,0
99,Shot Chart Detail,0021500485,387,101106,Andrew Bogut,1610612744,Golden State Warriors,3,4,21,Missed Shot,Hook Shot,2PT Field Goal,In The Paint (Non-RA),Center(C),Less Than 8 ft.,6,-24,61,1,0
100,Shot Chart Detail,0021500485,412,101106,Andrew Bogut,1610612744,Golden State Warriors,3,2,44,Missed Shot,Jump Shot,2PT Field Goal,In The Paint (Non-RA),Center(C),Less Than 8 ft.,7,53,46,1,0
101,Shot Chart Detail,0021500485,554,101106,Andrew Bogut,1610612744,Golden State Warriors,4,2,59,Made Shot,Alley Oop Dunk Shot,2PT Field Goal,Restricted Area,Center(C),Less Than 8 ft.,0,0,1,1,1
102,Shot Chart Detail,0021500485,565,101106,Andrew Bogut,1610612744,Golden State Warriors,4,1,55,Missed Shot,Jump Shot,2PT Field Goal,In The Paint (Non-RA),Center(C),Less Than 8 ft.,5,-7,57,1,0
103,Shot Chart Detail,0021500504,331,101106,Andrew Bogut,1610612744,Golden State Warriors,3,6,56,Missed Shot,Tip Layup Shot,2PT Field Goal,Restricted Area,Center(C),Less Than 8 ft.,2,-4,28,1,0
104,Shot Chart Detail,0021500504,333,101106,Andrew Bogut,1610612744,Golden State Warriors,3,6,55,Missed Shot,Running Finger Roll Layup Shot,2PT Field Goal,Restricted Area,Center(C),Less Than 8 ft.,2,-9,28,1,0
105,Shot Chart Detail,0021500504,351,101106,Andrew Bogut,1610612744,Golden State Warriors,3,5,7,Made Shot,Alley Oop Dunk Shot,2PT Field Goal,Restricted Area,Center(C),Less Than 8 ft.,0,0,1,1,1
106,Shot Chart Detail,0021500520,35,101106,Andrew Bogut,1610612744,Golden State Warriors,1,7,31,Missed Shot,Turnaround Hook Shot,2PT Field Goal,In The Paint (Non-RA),Center(C),Less Than 8 ft.,4,-29,38,1,0
107,Shot Chart Detail,0021500520,193,101106,Andrew Bogut,1610612744,Golden State Warriors,2,2,18,Made Shot,Alley Oop Layup shot,2PT Field Goal,Restricted Area,Center(C),Less Than 8 ft.,1,-6,16,1,1
108,Shot Chart Detail,0021500524,244,101106,Andrew Bogut,1610612744,Golden State Warriors,2,2,31,Made Shot,Cutting Dunk Shot,2PT Field Goal,Restricted Area,Center(C),Less Than 8 ft.,0,0,1,1,1
109,Shot Chart Detail,0021500524,251,101106,Andrew Bogut,1610612744,Golden State Warriors,2,1,6,Missed Shot,Hook Shot,2PT Field Goal,In The Paint (Non-RA),Center(C),8-16 ft.,10,-6,105,1,0
110,Shot Chart Detail,0021500524,255,101106,Andrew Bogut,1610612744,Golden State Warriors,2,0,53,Made Shot,Cutting Dunk Shot,2PT Field Goal,Restricted Area,Center(C),Less Than 8 ft.,0,0,1,1,1
111,Shot Chart Detail,0021500524,300,101106,Andrew Bogut,1610612744,Golden State Warriors,3,9,8,Made Shot,Putback Dunk Shot,2PT Field Goal,Restricted Area,Center(C),Less Than 8 ft.,0,0,1,1,1
112,Shot Chart Detail,0021500548,210,101106,Andrew Bogut,1610612744,Golden State Warriors,2,4,32,Made Shot,Alley Oop Dunk Shot,2PT Field Goal,Restricted Area,Center(C),Less Than 8 ft.,0,0,1,1,1
113,Shot Chart Detail,0021500548,340,101106,Andrew Bogut,1610612744,Golden State Warriors,3,7,38,Made Shot,Alley Oop Layup shot,2PT Field Goal,Restricted Area,Center(C),Less Than 8 ft.,2,-19,7,1,1
114,Shot Chart Detail,0021500556,308,101106,Andrew Bogut,1610612744,Golden State Warriors,3,9,2,Made Shot,Tip Layup Shot,2PT Field Goal,Restricted Area,Center(C),Less Than 8 ft.,1,10,8,1,1
115,Shot Chart Detail,0021500556,340,101106,Andrew Bogut,1610612744,Golden State Warriors,3,6,30,Missed Shot,Jump Shot,2PT Field Goal,In The Paint (Non-RA),Center(C),Less Than 8 ft.,6,25,61,1,0
116,Shot Chart Detail,0021500556,501,101106,Andrew Bogut,1610612744,Golden State Warriors,4,4,38,Missed Shot,Tip Layup Shot,2PT Field Goal,Restricted Area,Center(C),Less Than 8 ft.,1,-15,9,1,0
117,Shot Chart Detail,0021500556,503,101106,Andrew Bogut,1610612744,Golden State Warriors,4,4,37,Missed Shot,Tip Layup Shot,2PT Field Goal,Restricted Area,Center(C),Less Than 8 ft.,1,16,9,1,0
118,Shot Chart Detail,0021500556,505,101106,Andrew Bogut,1610612744,Golden State Warriors,4,4,37,Missed Shot,Tip Layup Shot,2PT Field Goal,Restricted Area,Center(C),Less Than 8 ft.,1,-10,5,1,0
119,Shot Chart Detail,0021500568,3,101106,Andrew Bogut,1610612744,Golden State Warriors,1,11,19,Missed Shot,Turnaround Hook Shot,2PT Field Goal,In The Paint (Non-RA),Center(C),8-16 ft.,10,-43,100,1,0
120,Shot Chart Detail,0021500568,7,101106,Andrew Bogut,1610612744,Golden State Warriors,1,10,53,Made Shot,Alley Oop Layup shot,2PT Field Goal,Restricted Area,Center(C),Less Than 8 ft.,0,-6,0,1,1
121,Shot Chart Detail,0021500568,155,101106,Andrew Bogut,1610612744,Golden State Warriors,2,7,50,Made Shot,Floating Jump shot,2PT Field Goal,In The Paint (Non-RA),Center(C),8-16 ft.,8,6,82,1,1
122,Shot Chart Detail,0021500568,173,101106,Andrew Bogut,1610612744,Golden State Warriors,2,6,55,Made Shot,Hook Shot,2PT Field Goal,Restricted Area,Center(C),Less Than 8 ft.,2,-7,23,1,1
123,Shot Chart Detail,0021500568,339,101106,Andrew Bogut,1610612744,Golden State Warriors,3,4,48,Made Shot,Turnaround Hook Shot,2PT Field Goal,In The Paint (Non-RA),Center(C),Less Than 8 ft.,5,-30,51,1,1
124,Shot Chart Detail,0021500583,50,101106,Andrew Bogut,1610612744,Golden State Warriors,1,7,35,Made Shot,Jump Shot,2PT Field Goal,In The Paint (Non-RA),Center(C),Less Than 8 ft.,5,28,51,1,1
125,Shot Chart Detail,0021500583,53,101106,Andrew Bogut,1610612744,Golden State Warriors,1,7,3,Made Shot,Alley Oop Dunk Shot,2PT Field Goal,Restricted Area,Center(C),Less Than 8 ft.,0,0,1,1,1
126,Shot Chart Detail,0021500583,222,101106,Andrew Bogut,1610612744,Golden State Warriors,2,7,8,Made Shot,Layup Shot,2PT Field Goal,Restricted Area,Center(C),Less Than 8 ft.,1,-19,2,1,1
127,Shot Chart Detail,0021500583,242,101106,Andrew Bogut,1610612744,Golden State Warriors,2,5,1,Made Shot,Floating Jump shot,2PT Field Goal,In The Paint (Non-RA),Center(C),8-16 ft.,10,48,92,1,1
128,Shot Chart Detail,0021500583,294,101106,Andrew Bogut,1610612744,Golden State Warriors,3,11,27,Made Shot,Hook Shot,2PT Field Goal,In The Paint (Non-RA),Center(C),Less Than 8 ft.,5,-32,47,1,1
129,Shot Chart Detail,0021500583,336,101106,Andrew Bogut,1610612744,Golden State Warriors,3,6,34,Missed Shot,Floating Jump shot,2PT Field Goal,In The Paint (Non-RA),Center(C),Less Than 8 ft.,4,12,47,1,0
130,Shot Chart Detail,0021500583,495,101106,Andrew Bogut,1610612744,Golden State Warriors,4,7,18,Made Shot,Alley Oop Layup shot,2PT Field Goal,Restricted Area,Center(C),Less Than 8 ft.,2,-20,2,1,1
131,Shot Chart Detail,0021500583,543,101106,Andrew Bogut,1610612744,Golden State Warriors,4,2,5,Made Shot,Alley Oop Layup shot,2PT Field Goal,Restricted Area,Center(C),Less Than 8 ft.,2,-22,11,1,1
132,Shot Chart Detail,0021500592,3,101106,Andrew Bogut,1610612744,Golden State Warriors,1,11,45,Made Shot,Putback Layup Shot,2PT Field Goal,Restricted Area,Center(C),Less Than 8 ft.,1,-12,11,1,1
133,Shot Chart Detail,0021500592,302,101106,Andrew Bogut,1610612744,Golden State Warriors,3,10,22,Made Shot,Driving Dunk Shot,2PT Field Goal,Restricted Area,Center(C),Less Than 8 ft.,0,0,1,1,1
134,Shot Chart Detail,0021500592,328,101106,Andrew Bogut,1610612744,Golden State Warriors,3,7,45,Missed Shot,Floating Jump shot,2PT Field Goal,In The Paint (Non-RA),Center(C),8-16 ft.,10,50,90,1,0
135,Shot Chart Detail,0021500592,331,101106,Andrew Bogut,1610612744,Golden State Warriors,3,7,17,Made Shot,Alley Oop Dunk Shot,2PT Field Goal,Restricted Area,Center(C),Less Than 8 ft.,0,0,1,1,1
136,Shot Chart Detail,0021500605,14,101106,Andrew Bogut,1610612744,Golden State Warriors,1,10,56,Made Shot,Hook Shot,2PT Field Goal,In The Paint (Non-RA),Center(C),Less Than 8 ft.,4,-40,3,1,1
137,Shot Chart Detail,0021500605,26,101106,Andrew Bogut,1610612744,Golden State Warriors,1,9,25,Missed Shot,Hook Shot,2PT Field Goal,In The Paint (Non-RA),Center(C),Less Than 8 ft.,4,40,13,1,0
138,Shot Chart Detail,0021500605,46,101106,Andrew Bogut,1610612744,Golden State Warriors,1,6,54,Made Shot,Tip Layup Shot,2PT Field Goal,Restricted Area,Center(C),Less Than 8 ft.,0,-4,2,1,1
139,Shot Chart Detail,0021500605,48,101106,Andrew Bogut,1610612744,Golden State Warriors,1,6,25,Missed Shot,Alley Oop Dunk Shot,2PT Field Goal,Restricted Area,Center(C),Less Than 8 ft.,0,0,1,1,0
140,Shot Chart Detail,0021500605,215,101106,Andrew Bogut,1610612744,Golden State Warriors,2,4,53,Made Shot,Tip Layup Shot,2PT Field Goal,Restricted Area,Center(C),Less Than 8 ft.,0,-2,7,1,1
141,Shot Chart Detail,0021500622,2,101106,Andrew Bogut,1610612744,Golden State Warriors,1,11,43,Made Shot,Alley Oop Dunk Shot,2PT Field Goal,Restricted Area,Center(C),Less Than 8 ft.,0,0,1,1,1
142,Shot Chart Detail,0021500622,34,101106,Andrew Bogut,1610612744,Golden State Warriors,1,8,6,Missed Shot,Floating Jump shot,2PT Field Goal,In The Paint (Non-RA),Center(C),Less Than 8 ft.,5,22,51,1,0
143,Shot Chart Detail,0021500622,301,101106,Andrew Bogut,1610612744,Golden State Warriors,3,8,16,Made Shot,Alley Oop Layup shot,2PT Field Goal,Restricted Area,Center(C),Less Than 8 ft.,0,-6,-5,1,1
144,Shot Chart Detail,0021500622,324,101106,Andrew Bogut,1610612744,Golden State Warriors,3,6,7,Missed Shot,Jump Shot,2PT Field Goal,Mid-Range,Left Side(L),8-16 ft.,8,-89,7,1,0
145,Shot Chart Detail,0021500634,36,101106,Andrew Bogut,1610612744,Golden State Warriors,1,7,19,Made Shot,Layup Shot,2PT Field Goal,Restricted Area,Center(C),Less Than 8 ft.,1,-11,3,1,1
146,Shot Chart Detail,0021500634,59,101106,Andrew Bogut,1610612744,Golden State Warriors,1,4,59,Made Shot,Alley Oop Dunk Shot,2PT Field Goal,Restricted Area,Center(C),Less Than 8 ft.,0,0,1,1,1
147,Shot Chart Detail,0021500634,235,101106,Andrew Bogut,1610612744,Golden State Warriors,2,2,42,Made Shot,Cutting Dunk Shot,2PT Field Goal,Restricted Area,Center(C),Less Than 8 ft.,0,0,1,1,1
148,Shot Chart Detail,0021500652,68,101106,Andrew Bogut,1610612744,Golden State Warriors,1,4,32,Missed Shot,Hook Shot,2PT Field Goal,In The Paint (Non-RA),Center(C),Less Than 8 ft.,5,14,51,1,0
149,Shot Chart Detail,0021500652,185,101106,Andrew Bogut,1610612744,Golden State Warriors,2,7,44,Missed Shot,Tip Layup Shot,2PT Field Goal,Restricted Area,Center(C),Less Than 8 ft.,2,0,21,1,0
150,Shot Chart Detail,0021500652,187,101106,Andrew Bogut,1610612744,Golden State Warriors,2,7,41,Made Shot,Tip Layup Shot,2PT Field Goal,Restricted Area,Center(C),Less Than 8 ft.,0,-9,3,1,1
151,Shot Chart Detail,0021500652,274,101106,Andrew Bogut,1610612744,Golden State Warriors,3,11,46,Missed Shot,Alley Oop Layup shot,2PT Field Goal,Restricted Area,Center(C),Less Than 8 ft.,1,-11,8,1,0
152,Shot Chart Detail,0021500652,306,101106,Andrew Bogut,1610612744,Golden State Warriors,3,8,43,Missed Shot,Floating Jump shot,2PT Field Goal,In The Paint (Non-RA),Center(C),Less Than 8 ft.,4,0,47,1,0
153,Shot Chart Detail,0021500652,332,101106,Andrew Bogut,1610612744,Golden State Warriors,3,6,37,Missed Shot,Layup Shot,2PT Field Goal,Restricted Area,Center(C),Less Than 8 ft.,1,-7,13,1,0
154,Shot Chart Detail,0021500675,18,101106,Andrew Bogut,1610612744,Golden State Warriors,1,9,55,Made Shot,Alley Oop Layup shot,2PT Field Goal,Restricted Area,Center(C),Less Than 8 ft.,1,6,8,1,1
155,Shot Chart Detail,0021500675,276,101106,Andrew Bogut,1610612744,Golden State Warriors,3,9,54,Made Shot,Cutting Dunk Shot,2PT Field Goal,Restricted Area,Center(C),Less Than 8 ft.,0,0,1,1,1
156,Shot Chart Detail,0021500691,31,101106,Andrew Bogut,1610612744,Golden State Warriors,1,8,49,Missed Shot,Alley Oop Layup shot,2PT Field Goal,Restricted Area,Center(C),Less Than 8 ft.,2,10,18,1,0
157,Shot Chart Detail,0021500691,32,101106,Andrew Bogut,1610612744,Golden State Warriors,1,8,47,Made Shot,Tip Layup Shot,2PT Field Goal,Restricted Area,Center(C),Less Than 8 ft.,1,-7,8,1,1
158,Shot Chart Detail,0021500691,223,101106,Andrew Bogut,1610612744,Golden State Warriors,2,0,46,Missed Shot,Jump Shot,2PT Field Goal,In The Paint (Non-RA),Center(C),Less Than 8 ft.,7,-4,75,1,0
159,Shot Chart Detail,0021500691,238,101106,Andrew Bogut,1610612744,Golden State Warriors,3,11,19,Made Shot,Alley Oop Dunk Shot,2PT Field Goal,Restricted Area,Center(C),Less Than 8 ft.,0,0,1,1,1
160,Shot Chart Detail,0021500691,278,101106,Andrew Bogut,1610612744,Golden State Warriors,3,5,40,Missed Shot,Alley Oop Dunk Shot,2PT Field Goal,Restricted Area,Center(C),Less Than 8 ft.,0,0,1,1,0
161,Shot Chart Detail,0021500707,56,101106,Andrew Bogut,1610612744,Golden State Warriors,1,5,51,Made Shot,Dunk Shot,2PT Field Goal,Restricted Area,Center(C),Less Than 8 ft.,0,0,1,1,1
162,Shot Chart Detail,0021500707,63,101106,Andrew Bogut,1610612744,Golden State Warriors,1,5,2,Made Shot,Tip Layup Shot,2PT Field Goal,Restricted Area,Center(C),Less Than 8 ft.,1,0,13,1,1
163,Shot Chart Detail,0021500707,231,101106,Andrew Bogut,1610612744,Golden State Warriors,2,1,29,Made Shot,Alley Oop Dunk Shot,2PT Field Goal,Restricted Area,Center(C),Less Than 8 ft.,0,0,1,1,1
164,Shot Chart Detail,0021500707,273,101106,Andrew Bogut,1610612744,Golden State Warriors,3,9,42,Missed Shot,Tip Layup Shot,2PT Field Goal,Restricted Area,Center(C),Less Than 8 ft.,1,9,16,1,0
165,Shot Chart Detail,0021500707,307,101106,Andrew Bogut,1610612744,Golden State Warriors,3,6,1,Made Shot,Dunk Shot,2PT Field Goal,Restricted Area,Center(C),Less Than 8 ft.,0,0,1,1,1
166,Shot Chart Detail,0021500707,435,101106,Andrew Bogut,1610612744,Golden State Warriors,4,6,15,Missed Shot,Jump Shot,2PT Field Goal,Restricted Area,Center(C),Less Than 8 ft.,3,-34,2,1,0
167,Shot Chart Detail,0021500707,459,101106,Andrew Bogut,1610612744,Golden State Warriors,4,3,58,Missed Shot,Tip Layup Shot,2PT Field Goal,Restricted Area,Center(C),Less Than 8 ft.,1,-14,8,1,0
168,Shot Chart Detail,0021500707,497,101106,Andrew Bogut,1610612744,Golden State Warriors,4,1,17,Missed Shot,Cutting Layup Shot,2PT Field Goal,Restricted Area,Center(C),Less Than 8 ft.,1,9,7,1,0
169,Shot Chart Detail,0021500718,45,101106,Andrew Bogut,1610612744,Golden State Warriors,1,7,29,Missed Shot,Hook Shot,2PT Field Goal,Restricted Area,Center(C),Less Than 8 ft.,2,-11,21,1,0
170,Shot Chart Detail,0021500739,7,101106,Andrew Bogut,1610612744,Golden State Warriors,1,11,1,Missed Shot,Jump Shot,2PT Field Goal,Mid-Range,Left Side(L),8-16 ft.,11,-114,36,1,0
171,Shot Chart Detail,0021500739,13,101106,Andrew Bogut,1610612744,Golden State Warriors,1,10,43,Made Shot,Putback Dunk Shot,2PT Field Goal,Restricted Area,Center(C),Less Than 8 ft.,0,0,1,1,1
172,Shot Chart Detail,0021500769,16,101106,Andrew Bogut,1610612744,Golden State Warriors,1,9,12,Made Shot,Driving Dunk Shot,2PT Field Goal,Restricted Area,Center(C),Less Than 8 ft.,0,0,1,1,1
173,Shot Chart Detail,0021500769,280,101106,Andrew Bogut,1610612744,Golden State Warriors,3,11,47,Missed Shot,Running Jump Shot,2PT Field Goal,Restricted Area,Center(C),Less Than 8 ft.,3,15,26,1,0
174,Shot Chart Detail,0021500769,385,101106,Andrew Bogut,1610612744,Golden State Warriors,3,1,56,Missed Shot,Jump Shot,2PT Field Goal,In The Paint (Non-RA),Center(C),8-16 ft.,10,-4,101,1,0
175,Shot Chart Detail,0021500788,2,101106,Andrew Bogut,1610612744,Golden State Warriors,1,11,44,Made Shot,Alley Oop Dunk Shot,2PT Field Goal,Restricted Area,Center(C),Less Than 8 ft.,0,0,1,1,1
176,Shot Chart Detail,0021500788,5,101106,Andrew Bogut,1610612744,Golden State Warriors,1,11,6,Made Shot,Floating Jump shot,2PT Field Goal,In The Paint (Non-RA),Center(C),8-16 ft.,11,-37,111,1,1
177,Shot Chart Detail,0021500788,21,101106,Andrew Bogut,1610612744,Golden State Warriors,1,9,8,Made Shot,Tip Layup Shot,2PT Field Goal,Restricted Area,Center(C),Less Than 8 ft.,2,-9,18,1,1
178,Shot Chart Detail,0021500788,41,101106,Andrew Bogut,1610612744,Golden State Warriors,1,7,19,Missed Shot,Jump Shot,2PT Field Goal,Mid-Range,Right Side Center(RC),16-24 ft.,18,132,129,1,0
179,Shot Chart Detail,0021500788,177,101106,Andrew Bogut,1610612744,Golden State Warriors,2,7,3,Missed Shot,Layup Shot,2PT Field Goal,Restricted Area,Center(C),Less Than 8 ft.,2,-11,18,1,0
180,Shot Chart Detail,0021500788,270,101106,Andrew Bogut,1610612744,Golden State Warriors,2,2,10,Missed Shot,Tip Layup Shot,2PT Field Goal,Restricted Area,Center(C),Less Than 8 ft.,2,-20,16,1,0
181,Shot Chart Detail,0021500788,363,101106,Andrew Bogut,1610612744,Golden State Warriors,3,7,1,Made Shot,Hook Shot,2PT Field Goal,In The Paint (Non-RA),Center(C),Less Than 8 ft.,4,-1,47,1,1
182,Shot Chart Detail,0021500788,379,101106,Andrew Bogut,1610612744,Golden State Warriors,3,5,0,Made Shot,Layup Shot,2PT Field Goal,Restricted Area,Center(C),Less Than 8 ft.,1,9,16,1,1
183,Shot Chart Detail,0021500788,465,101106,Andrew Bogut,1610612744,Golden State Warriors,4,9,30,Missed Shot,Tip Layup Shot,2PT Field Goal,Restricted Area,Center(C),Less Than 8 ft.,1,0,11,1,0
184,Shot Chart Detail,0021500788,467,101106,Andrew Bogut,1610612744,Golden State Warriors,4,9,28,Missed Shot,Tip Layup Shot,2PT Field Goal,Restricted Area,Center(C),Less Than 8 ft.,1,2,16,1,0
185,Shot Chart Detail,0021500799,26,101106,Andrew Bogut,1610612744,Golden State Warriors,1,8,19,Made Shot,Alley Oop Dunk Shot,2PT Field Goal,Restricted Area,Center(C),Less Than 8 ft.,0,0,1,1,1
186,Shot Chart Detail,0021500799,209,101106,Andrew Bogut,1610612744,Golden State Warriors,2,3,51,Made Shot,Alley Oop Layup shot,2PT Field Goal,Restricted Area,Center(C),Less Than 8 ft.,0,0,-1,1,1
187,Shot Chart Detail,0021500815,2,101106,Andrew Bogut,1610612744,Golden State Warriors,1,11,45,Made Shot,Alley Oop Dunk Shot,2PT Field Goal,Restricted Area,Center(C),Less Than 8 ft.,0,0,1,1,1
188,Shot Chart Detail,0021500815,41,101106,Andrew Bogut,1610612744,Golden State Warriors,1,6,14,Missed Shot,Hook Shot,2PT Field Goal,In The Paint (Non-RA),Center(C),Less Than 8 ft.,5,38,43,1,0
189,Shot Chart Detail,0021500815,286,101106,Andrew Bogut,1610612744,Golden State Warriors,3,9,14,Missed Shot,Hook Shot,2PT Field Goal,In The Paint (Non-RA),Center(C),Less Than 8 ft.,4,-43,16,1,0
190,Shot Chart Detail,0021500836,155,101106,Andrew Bogut,1610612744,Golden State Warriors,2,7,24,Missed Shot,Tip Layup Shot,2PT Field Goal,Restricted Area,Center(C),Less Than 8 ft.,0,-2,8,1,0
191,Shot Chart Detail,0021500836,198,101106,Andrew Bogut,1610612744,Golden State Warriors,2,3,51,Missed Shot,Hook Shot,2PT Field Goal,Restricted Area,Center(C),Less Than 8 ft.,3,-32,2,1,0
192,Shot Chart Detail,0021500836,289,101106,Andrew Bogut,1610612744,Golden State Warriors,3,9,27,Missed Shot,Hook Shot,2PT Field Goal,In The Paint (Non-RA),Center(C),Less Than 8 ft.,4,-4,41,1,0
193,Shot Chart Detail,0021500836,509,101106,Andrew Bogut,1610612744,Golden State Warriors,4,1,27,Made Shot,Alley Oop Dunk Shot,2PT Field Goal,Restricted Area,Center(C),Less Than 8 ft.,0,0,1,1,1
194,Shot Chart Detail,0021500848,44,101106,Andrew Bogut,1610612744,Golden State Warriors,1,8,3,Missed Shot,Hook Shot,2PT Field Goal,In The Paint (Non-RA),Center(C),8-16 ft.,9,14,95,1,0
195,Shot Chart Detail,0021500848,143,101106,Andrew Bogut,1610612744,Golden State Warriors,2,11,24,Made Shot,Alley Oop Dunk Shot,2PT Field Goal,Restricted Area,Center(C),Less Than 8 ft.,0,0,1,1,1
196,Shot Chart Detail,0021500848,294,101106,Andrew Bogut,1610612744,Golden State Warriors,3,9,49,Missed Shot,Hook Shot,2PT Field Goal,In The Paint (Non-RA),Center(C),Less Than 8 ft.,6,-1,61,1,0
197,Shot Chart Detail,0021500855,69,101106,Andrew Bogut,1610612744,Golden State Warriors,1,6,13,Made Shot,Hook Shot,2PT Field Goal,Restricted Area,Center(C),Less Than 8 ft.,3,6,31,1,1
198,Shot Chart Detail,0021500855,224,101106,Andrew Bogut,1610612744,Golden State Warriors,2,5,20,Made Shot,Alley Oop Dunk Shot,2PT Field Goal,Restricted Area,Center(C),Less Than 8 ft.,1,-17,2,1,1
199,Shot Chart Detail,0021500855,234,101106,Andrew Bogut,1610612744,Golden State Warriors,2,3,42,Missed Shot,Driving Floating Jump Shot,2PT Field Goal,In The Paint (Non-RA),Center(C),Less Than 8 ft.,5,-9,51,1,0
200,Shot Chart Detail,0021500855,235,101106,Andrew Bogut,1610612744,Golden State Warriors,2,3,39,Made Shot,Putback Layup Shot,2PT Field Goal,Restricted Area,Center(C),Less Than 8 ft.,2,-17,11,1,1
201,Shot Chart Detail,0021500855,303,101106,Andrew Bogut,1610612744,Golden State Warriors,3,11,0,Made Shot,Layup Shot,2PT Field Goal,Restricted Area,Center(C),Less Than 8 ft.,1,-6,13,1,1
202,Shot Chart Detail,0021500855,322,101106,Andrew Bogut,1610612744,Golden State Warriors,3,8,32,Made Shot,Alley Oop Dunk Shot,2PT Field Goal,Restricted Area,Center(C),Less Than 8 ft.,0,0,1,1,1
203,Shot Chart Detail,0021500855,506,101106,Andrew Bogut,1610612744,Golden State Warriors,4,4,6,Made Shot,Dunk Shot,2PT Field Goal,Restricted Area,Center(C),Less Than 8 ft.,0,0,1,1,1
204,Shot Chart Detail,0021500874,10,101106,Andrew Bogut,1610612744,Golden State Warriors,1,10,26,Made Shot,Alley Oop Layup shot,2PT Field Goal,Restricted Area,Center(C),Less Than 8 ft.,1,-9,13,1,1
205,Shot Chart Detail,0021500874,22,101106,Andrew Bogut,1610612744,Golden State Warriors,1,8,57,Missed Shot,Turnaround Hook Shot,2PT Field Goal,In The Paint (Non-RA),Center(C),Less Than 8 ft.,5,-47,31,1,0
206,Shot Chart Detail,0021500874,208,101106,Andrew Bogut,1610612744,Golden State Warriors,2,2,2,Made Shot,Dunk Shot,2PT Field Goal,Restricted Area,Center(C),Less Than 8 ft.,0,0,1,1,1
207,Shot Chart Detail,0021500895,15,101106,Andrew Bogut,1610612744,Golden State Warriors,1,10,6,Made Shot,Hook Shot,2PT Field Goal,Restricted Area,Center(C),Less Than 8 ft.,3,-4,36,1,1
208,Shot Chart Detail,0021500895,31,101106,Andrew Bogut,1610612744,Golden State Warriors,1,8,51,Made Shot,Running Dunk Shot,2PT Field Goal,Restricted Area,Center(C),Less Than 8 ft.,0,0,1,1,1
209,Shot Chart Detail,0021500895,200,101106,Andrew Bogut,1610612744,Golden State Warriors,2,5,25,Made Shot,Reverse Layup Shot,2PT Field Goal,Restricted Area,Center(C),Less Than 8 ft.,1,10,11,1,1
210,Shot Chart Detail,0021500895,210,101106,Andrew Bogut,1610612744,Golden State Warriors,2,4,12,Made Shot,Alley Oop Dunk Shot,2PT Field Goal,Restricted Area,Center(C),Less Than 8 ft.,0,0,1,1,1
211,Shot Chart Detail,0021500895,229,101106,Andrew Bogut,1610612744,Golden State Warriors,2,2,26,Made Shot,Alley Oop Dunk Shot,2PT Field Goal,Restricted Area,Center(C),Less Than 8 ft.,0,0,1,1,1
212,Shot Chart Detail,0021500895,307,101106,Andrew Bogut,1610612744,Golden State Warriors,3,6,37,Made Shot,Alley Oop Dunk Shot,2PT Field Goal,Restricted Area,Center(C),Less Than 8 ft.,0,0,1,1,1
213,Shot Chart Detail,0021500895,309,101106,Andrew Bogut,1610612744,Golden State Warriors,3,6,7,Made Shot,Cutting Dunk Shot,2PT Field Goal,Restricted Area,Center(C),Less Than 8 ft.,0,0,1,1,1
214,Shot Chart Detail,0021500895,508,101106,Andrew Bogut,1610612744,Golden State Warriors,4,0,0,Missed Shot,Jump Shot,2PT Field Goal,Mid-Range,Left Side(L),8-16 ft.,11,-115,11,1,0
215,Shot Chart Detail,0021500895,543,101106,Andrew Bogut,1610612744,Golden State Warriors,5,1,51,Made Shot,Putback Layup Shot,2PT Field Goal,Restricted Area,Center(C),Less Than 8 ft.,0,-2,7,1,1
216,Shot Chart Detail,0021500911,412,101106,Andrew Bogut,1610612744,Golden State Warriors,4,7,58,Made Shot,Cutting Dunk Shot,2PT Field Goal,Restricted Area,Center(C),Less Than 8 ft.,0,0,1,1,1
217,Shot Chart Detail,0021500911,421,101106,Andrew Bogut,1610612744,Golden State Warriors,4,6,59,Made Shot,Floating Jump shot,2PT Field Goal,In The Paint (Non-RA),Right Side(R),8-16 ft.,8,74,31,1,1
218,Shot Chart Detail,0021500931,215,101106,Andrew Bogut,1610612744,Golden State Warriors,2,4,15,Missed Shot,Alley Oop Dunk Shot,2PT Field Goal,Restricted Area,Center(C),Less Than 8 ft.,0,0,1,1,0
219,Shot Chart Detail,0021500931,229,101106,Andrew Bogut,1610612744,Golden State Warriors,2,3,24,Missed Shot,Tip Layup Shot,2PT Field Goal,Restricted Area,Center(C),Less Than 8 ft.,0,4,3,1,0
220,Shot Chart Detail,0021500931,311,101106,Andrew Bogut,1610612744,Golden State Warriors,3,7,36,Made Shot,Turnaround Hook Shot,2PT Field Goal,In The Paint (Non-RA),Left Side(L),8-16 ft.,9,-73,56,1,1
221,Shot Chart Detail,0021500931,341,101106,Andrew Bogut,1610612744,Golden State Warriors,3,4,55,Made Shot,Cutting Dunk Shot,2PT Field Goal,Restricted Area,Center(C),Less Than 8 ft.,0,0,1,1,1
222,Shot Chart Detail,0021500943,66,101106,Andrew Bogut,1610612744,Golden State Warriors,1,5,3,Made Shot,Cutting Dunk Shot,2PT Field Goal,Restricted Area,Center(C),Less Than 8 ft.,0,0,1,1,1
223,Shot Chart Detail,0021500943,282,101106,Andrew Bogut,1610612744,Golden State Warriors,3,11,31,Made Shot,Turnaround Hook Shot,2PT Field Goal,In The Paint (Non-RA),Center(C),Less Than 8 ft.,7,-9,70,1,1
224,Shot Chart Detail,0021500958,26,101106,Andrew Bogut,1610612744,Golden State Warriors,1,9,14,Made Shot,Alley Oop Dunk Shot,2PT Field Goal,Restricted Area,Center(C),Less Than 8 ft.,0,0,1,1,1
225,Shot Chart Detail,0021500958,28,101106,Andrew Bogut,1610612744,Golden State Warriors,1,8,56,Made Shot,Alley Oop Dunk Shot,2PT Field Goal,Restricted Area,Center(C),Less Than 8 ft.,0,0,1,1,1
226,Shot Chart Detail,0021500958,231,101106,Andrew Bogut,1610612744,Golden State Warriors,3,11,24,Made Shot,Alley Oop Dunk Shot,2PT Field Goal,Restricted Area,Center(C),Less Than 8 ft.,0,0,1,1,1
227,Shot Chart Detail,0021500958,280,101106,Andrew Bogut,1610612744,Golden State Warriors,3,5,36,Missed Shot,Tip Layup Shot,2PT Field Goal,Restricted Area,Center(C),Less Than 8 ft.,1,1,13,1,0
228,Shot Chart Detail,0021500971,22,101106,Andrew Bogut,1610612744,Golden State Warriors,1,8,59,Made Shot,Driving Layup Shot,2PT Field Goal,Restricted Area,Center(C),Less Than 8 ft.,1,-11,-1,1,1
229,Shot Chart Detail,0021500971,42,101106,Andrew Bogut,1610612744,Golden State Warriors,1,6,50,Missed Shot,Turnaround Hook Shot,2PT Field Goal,In The Paint (Non-RA),Center(C),Less Than 8 ft.,5,9,52,1,0
230,Shot Chart Detail,0021500971,303,101106,Andrew Bogut,1610612744,Golden State Warriors,3,8,23,Made Shot,Floating Jump shot,2PT Field Goal,In The Paint (Non-RA),Center(C),Less Than 8 ft.,7,6,72,1,1
231,Shot Chart Detail,0021500971,315,101106,Andrew Bogut,1610612744,Golden State Warriors,3,7,30,Missed Shot,Driving Hook Shot,2PT Field Goal,In The Paint (Non-RA),Center(C),Less Than 8 ft.,7,-2,72,1,0
232,Shot Chart Detail,0021500971,327,101106,Andrew Bogut,1610612744,Golden State Warriors,3,6,27,Missed Shot,Tip Layup Shot,2PT Field Goal,Restricted Area,Center(C),Less Than 8 ft.,2,-11,21,1,0
233,Shot Chart Detail,0021500971,329,101106,Andrew Bogut,1610612744,Golden State Warriors,3,6,24,Missed Shot,Tip Layup Shot,2PT Field Goal,Restricted Area,Center(C),Less Than 8 ft.,0,-2,7,1,0
234,Shot Chart Detail,0021500971,331,101106,Andrew Bogut,1610612744,Golden State Warriors,3,6,23,Missed Shot,Tip Layup Shot,2PT Field Goal,Restricted Area,Center(C),Less Than 8 ft.,1,-14,2,1,0
235,Shot Chart Detail,0021500981,287,101106,Andrew Bogut,1610612744,Golden State Warriors,3,11,31,Made Shot,Running Alley Oop Dunk Shot,2PT Field Goal,Restricted Area,Center(C),Less Than 8 ft.,0,0,1,1,1
236,Shot Chart Detail,0021500981,302,101106,Andrew Bogut,1610612744,Golden State Warriors,3,9,41,Missed Shot,Layup Shot,2PT Field Goal,Restricted Area,Center(C),Less Than 8 ft.,0,0,8,1,0
237,Shot Chart Detail,0021500981,346,101106,Andrew Bogut,1610612744,Golden State Warriors,3,5,2,Made Shot,Reverse Layup Shot,2PT Field Goal,Restricted Area,Center(C),Less Than 8 ft.,1,-4,11,1,1
238,Shot Chart Detail,0021500996,12,101106,Andrew Bogut,1610612744,Golden State Warriors,1,10,31,Missed Shot,Turnaround Hook Shot,2PT Field Goal,In The Paint (Non-RA),Center(C),8-16 ft.,11,-7,110,1,0
239,Shot Chart Detail,0021500996,32,101106,Andrew Bogut,1610612744,Golden State Warriors,1,8,34,Made Shot,Driving Hook Shot,2PT Field Goal,Restricted Area,Center(C),Less Than 8 ft.,3,-12,36,1,1
240,Shot Chart Detail,0021500996,324,101106,Andrew Bogut,1610612744,Golden State Warriors,3,6,41,Made Shot,Step Back Jump shot,3PT Field Goal,Above the Break 3,Center(C),24+ ft.,26,56,257,1,1
241,Shot Chart Detail,0021501011,32,101106,Andrew Bogut,1610612744,Golden State Warriors,1,8,12,Made Shot,Alley Oop Dunk Shot,2PT Field Goal,Restricted Area,Center(C),Less Than 8 ft.,0,0,1,1,1
242,Shot Chart Detail,0021501011,56,101106,Andrew Bogut,1610612744,Golden State Warriors,1,5,52,Missed Shot,Layup Shot,2PT Field Goal,Restricted Area,Center(C),Less Than 8 ft.,1,-11,11,1,0
243,Shot Chart Detail,0021501011,57,101106,Andrew Bogut,1610612744,Golden State Warriors,1,5,51,Made Shot,Putback Dunk Shot,2PT Field Goal,Restricted Area,Center(C),Less Than 8 ft.,0,0,1,1,1
244,Shot Chart Detail,0021501011,183,101106,Andrew Bogut,1610612744,Golden State Warriors,2,3,37,Made Shot,Alley Oop Layup shot,2PT Field Goal,Restricted Area,Center(C),Less Than 8 ft.,1,10,7,1,1
245,Shot Chart Detail,0021501011,250,101106,Andrew Bogut,1610612744,Golden State Warriors,3,9,42,Made Shot,Alley Oop Dunk Shot,2PT Field Goal,Restricted Area,Center(C),Less Than 8 ft.,0,0,1,1,1
246,Shot Chart Detail,0021501011,311,101106,Andrew Bogut,1610612744,Golden State Warriors,3,2,16,Made Shot,Driving Hook Shot,2PT Field Goal,In The Paint (Non-RA),Center(C),Less Than 8 ft.,7,-1,75,1,1
247,Shot Chart Detail,0021501026,3,101106,Andrew Bogut,1610612744,Golden State Warriors,1,11,18,Missed Shot,Jump Shot,2PT Field Goal,In The Paint (Non-RA),Center(C),Less Than 8 ft.,7,-35,61,1,0
248,Shot Chart Detail,0021501066,169,101106,Andrew Bogut,1610612744,Golden State Warriors,2,7,15,Missed Shot,Tip Layup Shot,2PT Field Goal,Restricted Area,Center(C),Less Than 8 ft.,1,1,18,1,0
249,Shot Chart Detail,0021501066,254,101106,Andrew Bogut,1610612744,Golden State Warriors,3,9,57,Made Shot,Cutting Dunk Shot,2PT Field Goal,Restricted Area,Center(C),Less Than 8 ft.,0,0,1,1,1
250,Shot Chart Detail,0021501066,267,101106,Andrew Bogut,1610612744,Golden State Warriors,3,8,52,Missed Shot,Jump Shot,2PT Field Goal,In The Paint (Non-RA),Center(C),Less Than 8 ft.,7,19,75,1,0
251,Shot Chart Detail,0021501066,294,101106,Andrew Bogut,1610612744,Golden State Warriors,3,6,45,Made Shot,Putback Dunk Shot,2PT Field Goal,Restricted Area,Center(C),Less Than 8 ft.,0,0,1,1,1
252,Shot Chart Detail,0021501080,17,101106,Andrew Bogut,1610612744,Golden State Warriors,1,9,48,Made Shot,Alley Oop Dunk Shot,2PT Field Goal,Restricted Area,Center(C),Less Than 8 ft.,1,-11,3,1,1
253,Shot Chart Detail,0021501080,25,101106,Andrew Bogut,1610612744,Golden State Warriors,1,8,7,Made Shot,Tip Layup Shot,2PT Field Goal,Restricted Area,Center(C),Less Than 8 ft.,1,4,11,1,1
254,Shot Chart Detail,0021501094,319,101106,Andrew Bogut,1610612744,Golden State Warriors,3,4,46,Missed Shot,Turnaround Hook Shot,2PT Field Goal,In The Paint (Non-RA),Center(C),Less Than 8 ft.,7,66,31,1,0
255,Shot Chart Detail,0021501112,299,101106,Andrew Bogut,1610612744,Golden State Warriors,3,7,36,Made Shot,Alley Oop Dunk Shot,2PT Field Goal,Restricted Area,Center(C),Less Than 8 ft.,0,0,1,1,1
256,Shot Chart Detail,0021501112,555,101106,Andrew Bogut,1610612744,Golden State Warriors,3,6,29,Missed Shot,Dunk Shot,2PT Field Goal,Restricted Area,Center(C),Less Than 8 ft.,1,-13,5,1,0
257,Shot Chart Detail,0021501119,4,101106,Andrew Bogut,1610612744,Golden State Warriors,1,11,24,Made Shot,Alley Oop Dunk Shot,2PT Field Goal,Restricted Area,Center(C),Less Than 8 ft.,0,0,1,1,1
258,Shot Chart Detail,0021501119,8,101106,Andrew Bogut,1610612744,Golden State Warriors,1,10,47,Missed Shot,Tip Layup Shot,2PT Field Goal,Restricted Area,Center(C),Less Than 8 ft.,1,-2,11,1,0
259,Shot Chart Detail,0021501119,14,101106,Andrew Bogut,1610612744,Golden State Warriors,1,9,37,Made Shot,Dunk Shot,2PT Field Goal,Restricted Area,Center(C),Less Than 8 ft.,0,0,1,1,1
260,Shot Chart Detail,0021501119,31,101106,Andrew Bogut,1610612744,Golden State Warriors,1,6,48,Missed Shot,Floating Jump shot,2PT Field Goal,Restricted Area,Center(C),Less Than 8 ft.,3,32,21,1,0
261,Shot Chart Detail,0021501136,19,101106,Andrew Bogut,1610612744,Golden State Warriors,1,9,24,Missed Shot,Turnaround Hook Shot,2PT Field Goal,In The Paint (Non-RA),Left Side(L),8-16 ft.,12,-68,110,1,0
262,Shot Chart Detail,0021501136,228,101106,Andrew Bogut,1610612744,Golden State Warriors,2,1,38,Made Shot,Putback Layup Shot,2PT Field Goal,Restricted Area,Center(C),Less Than 8 ft.,1,-4,11,1,1
263,Shot Chart Detail,0021501136,295,101106,Andrew Bogut,1610612744,Golden State Warriors,3,7,31,Made Shot,Alley Oop Dunk Shot,2PT Field Goal,Restricted Area,Center(C),Less Than 8 ft.,0,0,1,1,1
