,GRID_TYPE,GAME_ID,GAME_EVENT_ID,PLAYER_ID,PLAYER_NAME,TEAM_ID,TEAM_NAME,PERIOD,MINUTES_REMAINING,SECONDS_REMAINING,EVENT_TYPE,ACTION_TYPE,SHOT_TYPE,SHOT_ZONE_BASIC,SHOT_ZONE_AREA,SHOT_ZONE_RANGE,SHOT_DISTANCE,LOC_X,LOC_Y,SHOT_ATTEMPTED_FLAG,SHOT_MADE_FLAG
0,Shot Chart Detail,0021500030,555,203546,Ian Clark,1610612744,Golden State Warriors,4,3,18,Missed Shot,Jump Shot,3PT Field Goal,Above the Break 3,Center(C),24+ ft.,25,-68,242,1,0
1,Shot Chart Detail,0021500030,575,203546,Ian Clark,1610612744,Golden State Warriors,4,1,51,Made Shot,Floating Jump shot,2PT Field Goal,Mid-Range,Right Side(R),8-16 ft.,12,86,95,1,1
2,Shot Chart Detail,0021500030,591,203546,Ian Clark,1610612744,Golden State Warriors,4,0,29,Missed Shot,Running Jump Shot,2PT Field Goal,Restricted Area,Center(C),Less Than 8 ft.,3,-27,16,1,0
3,Shot Chart Detail,0021500051,467,203546,Ian Clark,1610612744,Golden State Warriors,4,7,35,Made Shot,Floating Jump shot,2PT Field Goal,Mid-Range,Left Side(L),8-16 ft.,10,-92,41,1,1
4,Shot Chart Detail,0021500051,483,203546,Ian Clark,1610612744,Golden State Warriors,4,5,49,Made Shot,Jump Shot,2PT Field Goal,Mid-Range,Right Side Center(RC),16-24 ft.,18,73,174,1,1
5,Shot Chart Detail,0021500051,513,203546,Ian Clark,1610612744,Golden State Warriors,4,3,6,Made Shot,Driving Layup Shot,2PT Field Goal,Restricted Area,Center(C),Less Than 8 ft.,2,10,21,1,1
6,Shot Chart Detail,0021500051,538,203546,Ian Clark,1610612744,Golden State Warriors,4,1,26,Made Shot,Jump Shot,3PT Field Goal,Above the Break 3,Left Side Center(LC),24+ ft.,27,-178,208,1,1
7,Shot Chart Detail,0021500083,234,203546,Ian Clark,1610612744,Golden State Warriors,2,4,27,Missed Shot,Jump Shot,2PT Field Goal,Mid-Range,Center(C),16-24 ft.,20,32,198,1,0
8,Shot Chart Detail,0021500083,241,203546,Ian Clark,1610612744,Golden State Warriors,2,3,35,Missed Shot,Jump Shot,3PT Field Goal,Right Corner 3,Right Side(R),24+ ft.,23,236,11,1,0
9,Shot Chart Detail,0021500120,288,203546,Ian Clark,1610612744,Golden State Warriors,2,0,1,Missed Shot,Jump Shot,3PT Field Goal,Right Corner 3,Right Side(R),24+ ft.,24,240,-29,1,0
10,Shot Chart Detail,0021500125,123,203546,Ian Clark,1610612744,Golden State Warriors,2,11,32,Made Shot,Jump Shot,3PT Field Goal,Above the Break 3,Center(C),24+ ft.,25,61,244,1,1
11,Shot Chart Detail,0021500125,132,203546,Ian Clark,1610612744,Golden State Warriors,2,10,49,Missed Shot,Layup Shot,2PT Field Goal,Restricted Area,Center(C),Less Than 8 ft.,1,12,-6,1,0
12,Shot Chart Detail,0021500125,134,203546,Ian Clark,1610612744,Golden State Warriors,2,10,47,Made Shot,Jump Shot,3PT Field Goal,Above the Break 3,Left Side Center(LC),24+ ft.,25,-151,208,1,1
13,Shot Chart Detail,0021500125,142,203546,Ian Clark,1610612744,Golden State Warriors,2,9,48,Missed Shot,Jump Shot,3PT Field Goal,Above the Break 3,Left Side Center(LC),24+ ft.,25,-202,154,1,0
14,Shot Chart Detail,0021500144,102,203546,Ian Clark,1610612744,Golden State Warriors,2,11,42,Missed Shot,Jump Shot,2PT Field Goal,In The Paint (Non-RA),Right Side(R),8-16 ft.,9,63,65,1,0
15,Shot Chart Detail,0021500144,109,203546,Ian Clark,1610612744,Golden State Warriors,2,10,40,Missed Shot,Floating Jump shot,2PT Field Goal,In The Paint (Non-RA),Center(C),8-16 ft.,11,-7,110,1,0
16,Shot Chart Detail,0021500144,350,203546,Ian Clark,1610612744,Golden State Warriors,4,10,40,Made Shot,Driving Floating Jump Shot,2PT Field Goal,In The Paint (Non-RA),Center(C),Less Than 8 ft.,6,-7,67,1,1
17,Shot Chart Detail,0021500144,353,203546,Ian Clark,1610612744,Golden State Warriors,4,10,2,Missed Shot,Pullup Jump shot,3PT Field Goal,Left Corner 3,Left Side(L),24+ ft.,23,-237,21,1,0
18,Shot Chart Detail,0021500164,146,203546,Ian Clark,1610612744,Golden State Warriors,2,10,42,Made Shot,Jump Shot,3PT Field Goal,Above the Break 3,Center(C),24+ ft.,26,-81,254,1,1
19,Shot Chart Detail,0021500164,150,203546,Ian Clark,1610612744,Golden State Warriors,2,9,38,Missed Shot,Running Jump Shot,2PT Field Goal,Mid-Range,Left Side(L),8-16 ft.,13,-115,75,1,0
20,Shot Chart Detail,0021500164,157,203546,Ian Clark,1610612744,Golden State Warriors,2,8,39,Missed Shot,Pullup Jump shot,3PT Field Goal,Left Corner 3,Left Side(L),24+ ft.,23,-233,41,1,0
21,Shot Chart Detail,0021500177,423,203546,Ian Clark,1610612744,Golden State Warriors,4,10,30,Missed Shot,Floating Jump shot,2PT Field Goal,In The Paint (Non-RA),Center(C),8-16 ft.,8,24,85,1,0
22,Shot Chart Detail,0021500200,447,203546,Ian Clark,1610612744,Golden State Warriors,4,9,31,Made Shot,Driving Finger Roll Layup Shot,2PT Field Goal,Restricted Area,Center(C),Less Than 8 ft.,2,-22,11,1,1
23,Shot Chart Detail,0021500200,449,203546,Ian Clark,1610612744,Golden State Warriors,4,9,9,Made Shot,Running Layup Shot,2PT Field Goal,Restricted Area,Center(C),Less Than 8 ft.,1,9,7,1,1
24,Shot Chart Detail,0021500200,456,203546,Ian Clark,1610612744,Golden State Warriors,4,8,40,Missed Shot,Jump Shot,3PT Field Goal,Above the Break 3,Left Side Center(LC),24+ ft.,26,-225,134,1,0
25,Shot Chart Detail,0021500214,436,203546,Ian Clark,1610612744,Golden State Warriors,4,4,7,Missed Shot,Step Back Jump shot,3PT Field Goal,Above the Break 3,Right Side Center(RC),24+ ft.,25,194,170,1,0
26,Shot Chart Detail,0021500214,450,203546,Ian Clark,1610612744,Golden State Warriors,4,2,57,Missed Shot,Floating Jump shot,2PT Field Goal,In The Paint (Non-RA),Center(C),8-16 ft.,10,9,100,1,0
27,Shot Chart Detail,0021500214,451,203546,Ian Clark,1610612744,Golden State Warriors,4,2,56,Missed Shot,Layup Shot,2PT Field Goal,Restricted Area,Center(C),Less Than 8 ft.,0,2,0,1,0
28,Shot Chart Detail,0021500236,214,203546,Ian Clark,1610612744,Golden State Warriors,2,3,49,Made Shot,Jump Shot,3PT Field Goal,Left Corner 3,Left Side(L),24+ ft.,23,-230,-11,1,1
29,Shot Chart Detail,0021500236,420,203546,Ian Clark,1610612744,Golden State Warriors,4,11,40,Missed Shot,Floating Jump shot,2PT Field Goal,Restricted Area,Center(C),Less Than 8 ft.,3,-24,18,1,0
30,Shot Chart Detail,0021500236,451,203546,Ian Clark,1610612744,Golden State Warriors,4,8,30,Missed Shot,Jump Shot,2PT Field Goal,In The Paint (Non-RA),Center(C),Less Than 8 ft.,5,-50,31,1,0
31,Shot Chart Detail,0021500236,496,203546,Ian Clark,1610612744,Golden State Warriors,4,5,5,Made Shot,Running Layup Shot,2PT Field Goal,Restricted Area,Center(C),Less Than 8 ft.,0,-7,-1,1,1
32,Shot Chart Detail,0021500236,516,203546,Ian Clark,1610612744,Golden State Warriors,4,3,33,Made Shot,Floating Jump shot,2PT Field Goal,In The Paint (Non-RA),Left Side(L),8-16 ft.,10,-70,72,1,1
33,Shot Chart Detail,0021500236,522,203546,Ian Clark,1610612744,Golden State Warriors,4,2,57,Missed Shot,Layup Shot,2PT Field Goal,Restricted Area,Center(C),Less Than 8 ft.,2,-20,0,1,0
34,Shot Chart Detail,0021500236,561,203546,Ian Clark,1610612744,Golden State Warriors,4,0,57,Missed Shot,Jump Shot,3PT Field Goal,Above the Break 3,Right Side Center(RC),24+ ft.,24,104,223,1,0
35,Shot Chart Detail,0021500245,483,203546,Ian Clark,1610612744,Golden State Warriors,4,5,9,Made Shot,Pullup Jump shot,3PT Field Goal,Above the Break 3,Left Side Center(LC),24+ ft.,25,-109,228,1,1
36,Shot Chart Detail,0021500245,491,203546,Ian Clark,1610612744,Golden State Warriors,4,4,4,Missed Shot,Jump Shot,2PT Field Goal,In The Paint (Non-RA),Center(C),8-16 ft.,12,4,126,1,0
37,Shot Chart Detail,0021500245,497,203546,Ian Clark,1610612744,Golden State Warriors,4,3,28,Made Shot,Pullup Jump shot,3PT Field Goal,Above the Break 3,Right Side Center(RC),24+ ft.,28,189,213,1,1
38,Shot Chart Detail,0021500245,522,203546,Ian Clark,1610612744,Golden State Warriors,4,1,23,Missed Shot,Jump Shot,2PT Field Goal,In The Paint (Non-RA),Center(C),8-16 ft.,9,28,90,1,0
39,Shot Chart Detail,0021500259,214,203546,Ian Clark,1610612744,Golden State Warriors,2,4,48,Made Shot,Jump Shot,3PT Field Goal,Right Corner 3,Right Side(R),24+ ft.,22,227,-1,1,1
40,Shot Chart Detail,0021500259,232,203546,Ian Clark,1610612744,Golden State Warriors,2,3,9,Made Shot,Jump Shot,3PT Field Goal,Left Corner 3,Left Side(L),24+ ft.,24,-237,61,1,1
41,Shot Chart Detail,0021500259,247,203546,Ian Clark,1610612744,Golden State Warriors,2,2,16,Made Shot,Jump Shot,3PT Field Goal,Left Corner 3,Left Side(L),24+ ft.,23,-232,-15,1,1
42,Shot Chart Detail,0021500259,249,203546,Ian Clark,1610612744,Golden State Warriors,2,1,47,Made Shot,Jump Shot,3PT Field Goal,Right Corner 3,Right Side(R),24+ ft.,22,223,-11,1,1
43,Shot Chart Detail,0021500259,264,203546,Ian Clark,1610612744,Golden State Warriors,2,0,36,Missed Shot,Jump Shot,3PT Field Goal,Right Corner 3,Right Side(R),24+ ft.,23,230,-16,1,0
44,Shot Chart Detail,0021500268,232,203546,Ian Clark,1610612744,Golden State Warriors,2,2,50,Made Shot,Layup Shot,2PT Field Goal,Restricted Area,Center(C),Less Than 8 ft.,1,-7,8,1,1
45,Shot Chart Detail,0021500290,143,203546,Ian Clark,1610612744,Golden State Warriors,2,9,52,Made Shot,Driving Finger Roll Layup Shot,2PT Field Goal,Restricted Area,Center(C),Less Than 8 ft.,2,-4,26,1,1
46,Shot Chart Detail,0021500300,240,203546,Ian Clark,1610612744,Golden State Warriors,2,3,42,Missed Shot,Jump Shot,3PT Field Goal,Left Corner 3,Left Side(L),24+ ft.,23,-237,-24,1,0
47,Shot Chart Detail,0021500300,519,203546,Ian Clark,1610612744,Golden State Warriors,4,1,49,Missed Shot,Floating Jump shot,2PT Field Goal,In The Paint (Non-RA),Center(C),Less Than 8 ft.,6,-6,65,1,0
48,Shot Chart Detail,0021500314,161,203546,Ian Clark,1610612744,Golden State Warriors,2,9,34,Made Shot,Layup Shot,2PT Field Goal,Restricted Area,Center(C),Less Than 8 ft.,0,2,2,1,1
49,Shot Chart Detail,0021500314,184,203546,Ian Clark,1610612744,Golden State Warriors,2,7,17,Missed Shot,Driving Bank shot,2PT Field Goal,Mid-Range,Right Side(R),8-16 ft.,12,114,46,1,0
50,Shot Chart Detail,0021500314,389,203546,Ian Clark,1610612744,Golden State Warriors,4,11,16,Missed Shot,Running Jump Shot,2PT Field Goal,In The Paint (Non-RA),Center(C),8-16 ft.,8,-7,82,1,0
51,Shot Chart Detail,0021500314,400,203546,Ian Clark,1610612744,Golden State Warriors,4,10,14,Missed Shot,Jump Shot,3PT Field Goal,Left Corner 3,Left Side(L),24+ ft.,23,-237,-1,1,0
52,Shot Chart Detail,0021500314,416,203546,Ian Clark,1610612744,Golden State Warriors,4,8,54,Missed Shot,Jump Shot,2PT Field Goal,Mid-Range,Left Side(L),8-16 ft.,10,-107,-1,1,0
53,Shot Chart Detail,0021500336,2,203546,Ian Clark,1610612744,Golden State Warriors,1,11,38,Missed Shot,Driving Layup Shot,2PT Field Goal,Restricted Area,Center(C),Less Than 8 ft.,1,-17,2,1,0
54,Shot Chart Detail,0021500336,13,203546,Ian Clark,1610612744,Golden State Warriors,1,10,27,Missed Shot,Layup Shot,2PT Field Goal,Restricted Area,Center(C),Less Than 8 ft.,1,14,13,1,0
55,Shot Chart Detail,0021500336,78,203546,Ian Clark,1610612744,Golden State Warriors,1,3,17,Missed Shot,Jump Shot,3PT Field Goal,Above the Break 3,Right Side Center(RC),24+ ft.,25,143,213,1,0
56,Shot Chart Detail,0021500336,285,203546,Ian Clark,1610612744,Golden State Warriors,3,11,30,Made Shot,Driving Layup Shot,2PT Field Goal,Restricted Area,Center(C),Less Than 8 ft.,2,17,13,1,1
57,Shot Chart Detail,0021500336,296,203546,Ian Clark,1610612744,Golden State Warriors,3,9,55,Made Shot,Driving Finger Roll Layup Shot,2PT Field Goal,Restricted Area,Center(C),Less Than 8 ft.,2,-22,7,1,1
58,Shot Chart Detail,0021500336,326,203546,Ian Clark,1610612744,Golden State Warriors,3,7,24,Missed Shot,Jump Shot,3PT Field Goal,Left Corner 3,Left Side(L),24+ ft.,23,-230,2,1,0
59,Shot Chart Detail,0021500336,341,203546,Ian Clark,1610612744,Golden State Warriors,3,6,15,Made Shot,Layup Shot,2PT Field Goal,Restricted Area,Center(C),Less Than 8 ft.,1,-17,7,1,1
60,Shot Chart Detail,0021500336,406,203546,Ian Clark,1610612744,Golden State Warriors,3,1,51,Missed Shot,Jump Shot,2PT Field Goal,In The Paint (Non-RA),Left Side(L),8-16 ft.,11,-78,90,1,0
61,Shot Chart Detail,0021500336,408,203546,Ian Clark,1610612744,Golden State Warriors,3,1,49,Missed Shot,Jump Shot,2PT Field Goal,In The Paint (Non-RA),Left Side(L),8-16 ft.,8,-58,61,1,0
62,Shot Chart Detail,0021500381,461,203546,Ian Clark,1610612744,Golden State Warriors,4,4,39,Made Shot,Floating Jump shot,2PT Field Goal,Mid-Range,Right Side(R),8-16 ft.,15,104,111,1,1
63,Shot Chart Detail,0021500381,469,203546,Ian Clark,1610612744,Golden State Warriors,4,3,54,Missed Shot,Jump Shot,3PT Field Goal,Above the Break 3,Left Side Center(LC),24+ ft.,24,-204,134,1,0
64,Shot Chart Detail,0021500434,335,203546,Ian Clark,1610612744,Golden State Warriors,3,1,2,Made Shot,Jump Shot,2PT Field Goal,Mid-Range,Left Side(L),16-24 ft.,20,-189,82,1,1
65,Shot Chart Detail,0021500434,339,203546,Ian Clark,1610612744,Golden State Warriors,3,0,31,Made Shot,Jump Shot,2PT Field Goal,Mid-Range,Left Side(L),16-24 ft.,17,-179,16,1,1
66,Shot Chart Detail,0021500434,459,203546,Ian Clark,1610612744,Golden State Warriors,4,0,40,Made Shot,Jump Shot,3PT Field Goal,Left Corner 3,Left Side(L),24+ ft.,22,-228,7,1,1
67,Shot Chart Detail,0021500438,407,203546,Ian Clark,1610612744,Golden State Warriors,4,10,19,Missed Shot,Layup Shot,2PT Field Goal,Restricted Area,Center(C),Less Than 8 ft.,2,-19,7,1,0
68,Shot Chart Detail,0021500468,170,203546,Ian Clark,1610612744,Golden State Warriors,2,10,32,Missed Shot,Jump Shot,3PT Field Goal,Above the Break 3,Left Side Center(LC),24+ ft.,28,-176,219,1,0
69,Shot Chart Detail,0021500468,205,203546,Ian Clark,1610612744,Golden State Warriors,2,7,24,Missed Shot,Jump Shot,3PT Field Goal,Left Corner 3,Left Side(L),24+ ft.,23,-238,21,1,0
70,Shot Chart Detail,0021500468,224,203546,Ian Clark,1610612744,Golden State Warriors,2,6,5,Made Shot,Cutting Dunk Shot,2PT Field Goal,Restricted Area,Center(C),Less Than 8 ft.,0,0,1,1,1
71,Shot Chart Detail,0021500468,442,203546,Ian Clark,1610612744,Golden State Warriors,4,11,10,Made Shot,Jump Shot,3PT Field Goal,Above the Break 3,Center(C),24+ ft.,24,0,247,1,1
72,Shot Chart Detail,0021500468,445,203546,Ian Clark,1610612744,Golden State Warriors,4,10,38,Made Shot,Driving Finger Roll Layup Shot,2PT Field Goal,Restricted Area,Center(C),Less Than 8 ft.,1,10,2,1,1
73,Shot Chart Detail,0021500468,454,203546,Ian Clark,1610612744,Golden State Warriors,4,9,20,Missed Shot,Floating Jump shot,2PT Field Goal,In The Paint (Non-RA),Center(C),8-16 ft.,9,4,92,1,0
74,Shot Chart Detail,0021500468,475,203546,Ian Clark,1610612744,Golden State Warriors,4,7,52,Made Shot,Driving Finger Roll Layup Shot,2PT Field Goal,Restricted Area,Center(C),Less Than 8 ft.,1,4,16,1,1
75,Shot Chart Detail,0021500468,532,203546,Ian Clark,1610612744,Golden State Warriors,4,3,56,Missed Shot,Floating Jump shot,2PT Field Goal,In The Paint (Non-RA),Center(C),8-16 ft.,10,4,101,1,0
76,Shot Chart Detail,0021500468,572,203546,Ian Clark,1610612744,Golden State Warriors,4,0,15,Made Shot,Pullup Jump shot,3PT Field Goal,Above the Break 3,Left Side Center(LC),24+ ft.,28,-102,262,1,1
77,Shot Chart Detail,0021500480,107,203546,Ian Clark,1610612744,Golden State Warriors,2,11,14,Missed Shot,Running Jump Shot,2PT Field Goal,In The Paint (Non-RA),Center(C),8-16 ft.,12,2,129,1,0
78,Shot Chart Detail,0021500480,126,203546,Ian Clark,1610612744,Golden State Warriors,2,9,5,Made Shot,Jump Shot,3PT Field Goal,Above the Break 3,Left Side Center(LC),24+ ft.,24,-142,203,1,1
79,Shot Chart Detail,0021500480,129,203546,Ian Clark,1610612744,Golden State Warriors,2,8,37,Missed Shot,Floating Jump shot,2PT Field Goal,In The Paint (Non-RA),Center(C),8-16 ft.,10,-50,95,1,0
80,Shot Chart Detail,0021500480,346,203546,Ian Clark,1610612744,Golden State Warriors,3,2,12,Made Shot,Running Layup Shot,2PT Field Goal,Restricted Area,Center(C),Less Than 8 ft.,1,-12,-5,1,1
81,Shot Chart Detail,0021500480,414,203546,Ian Clark,1610612744,Golden State Warriors,4,8,39,Made Shot,Floating Jump shot,3PT Field Goal,Above the Break 3,Left Side Center(LC),24+ ft.,24,-191,154,1,1
82,Shot Chart Detail,0021500480,421,203546,Ian Clark,1610612744,Golden State Warriors,4,7,2,Made Shot,Driving Floating Jump Shot,2PT Field Goal,In The Paint (Non-RA),Left Side(L),8-16 ft.,11,-73,92,1,1
83,Shot Chart Detail,0021500480,456,203546,Ian Clark,1610612744,Golden State Warriors,4,4,7,Missed Shot,Jump Shot,2PT Field Goal,Mid-Range,Left Side(L),16-24 ft.,19,-174,90,1,0
84,Shot Chart Detail,0021500480,472,203546,Ian Clark,1610612744,Golden State Warriors,4,3,4,Made Shot,Driving Floating Bank Jump Shot,2PT Field Goal,Mid-Range,Left Side(L),8-16 ft.,11,-96,61,1,1
85,Shot Chart Detail,0021500480,499,203546,Ian Clark,1610612744,Golden State Warriors,4,2,0,Made Shot,Jump Shot,2PT Field Goal,Mid-Range,Left Side Center(LC),16-24 ft.,17,-129,115,1,1
86,Shot Chart Detail,0021500480,516,203546,Ian Clark,1610612744,Golden State Warriors,4,1,12,Made Shot,Jump Shot,3PT Field Goal,Above the Break 3,Left Side Center(LC),24+ ft.,25,-219,129,1,1
87,Shot Chart Detail,0021500480,520,203546,Ian Clark,1610612744,Golden State Warriors,4,0,42,Made Shot,Pullup Jump shot,2PT Field Goal,Mid-Range,Center(C),16-24 ft.,16,-48,156,1,1
88,Shot Chart Detail,0021500480,522,203546,Ian Clark,1610612744,Golden State Warriors,4,0,8,Missed Shot,Jump Shot,3PT Field Goal,Above the Break 3,Left Side Center(LC),24+ ft.,26,-97,242,1,0
89,Shot Chart Detail,0021500485,168,203546,Ian Clark,1610612744,Golden State Warriors,2,10,17,Made Shot,Layup Shot,2PT Field Goal,Restricted Area,Center(C),Less Than 8 ft.,1,9,-6,1,1
90,Shot Chart Detail,0021500485,193,203546,Ian Clark,1610612744,Golden State Warriors,2,8,33,Made Shot,Cutting Layup Shot,2PT Field Goal,Restricted Area,Center(C),Less Than 8 ft.,2,-20,0,1,1
91,Shot Chart Detail,0021500485,227,203546,Ian Clark,1610612744,Golden State Warriors,2,5,26,Made Shot,Jump Shot,3PT Field Goal,Above the Break 3,Left Side Center(LC),24+ ft.,24,-189,149,1,1
92,Shot Chart Detail,0021500485,249,203546,Ian Clark,1610612744,Golden State Warriors,2,3,44,Missed Shot,Tip Layup Shot,2PT Field Goal,Restricted Area,Center(C),Less Than 8 ft.,0,-4,3,1,0
93,Shot Chart Detail,0021500485,253,203546,Ian Clark,1610612744,Golden State Warriors,2,3,21,Made Shot,Jump Shot,3PT Field Goal,Above the Break 3,Left Side Center(LC),24+ ft.,24,-178,170,1,1
94,Shot Chart Detail,0021500485,255,203546,Ian Clark,1610612744,Golden State Warriors,2,3,4,Missed Shot,Jump Shot,2PT Field Goal,Mid-Range,Right Side Center(RC),16-24 ft.,23,176,159,1,0
95,Shot Chart Detail,0021500485,414,203546,Ian Clark,1610612744,Golden State Warriors,3,2,39,Missed Shot,Jump Shot,3PT Field Goal,Left Corner 3,Left Side(L),24+ ft.,23,-230,16,1,0
96,Shot Chart Detail,0021500485,456,203546,Ian Clark,1610612744,Golden State Warriors,3,0,0,Missed Shot,Jump Shot,3PT Field Goal,Above the Break 3,Right Side Center(RC),24+ ft.,30,171,257,1,0
97,Shot Chart Detail,0021500485,509,203546,Ian Clark,1610612744,Golden State Warriors,4,7,24,Missed Shot,Jump Shot,2PT Field Goal,Mid-Range,Right Side(R),16-24 ft.,19,156,110,1,0
98,Shot Chart Detail,0021500504,164,203546,Ian Clark,1610612744,Golden State Warriors,2,8,43,Made Shot,Driving Finger Roll Layup Shot,2PT Field Goal,Restricted Area,Center(C),Less Than 8 ft.,2,22,16,1,1
99,Shot Chart Detail,0021500504,296,203546,Ian Clark,1610612744,Golden State Warriors,3,10,49,Made Shot,Jump Shot,3PT Field Goal,Above the Break 3,Right Side Center(RC),24+ ft.,25,82,237,1,1
100,Shot Chart Detail,0021500504,307,203546,Ian Clark,1610612744,Golden State Warriors,3,9,9,Made Shot,Floating Jump shot,2PT Field Goal,In The Paint (Non-RA),Center(C),8-16 ft.,8,-7,80,1,1
101,Shot Chart Detail,0021500504,365,203546,Ian Clark,1610612744,Golden State Warriors,3,3,10,Made Shot,Driving Finger Roll Layup Shot,2PT Field Goal,Restricted Area,Center(C),Less Than 8 ft.,2,-22,16,1,1
102,Shot Chart Detail,0021500504,395,203546,Ian Clark,1610612744,Golden State Warriors,3,0,10,Made Shot,Floating Jump shot,2PT Field Goal,In The Paint (Non-RA),Center(C),8-16 ft.,9,-7,95,1,1
103,Shot Chart Detail,0021500504,402,203546,Ian Clark,1610612744,Golden State Warriors,4,11,41,Missed Shot,Jump Shot,3PT Field Goal,Above the Break 3,Center(C),24+ ft.,24,-16,247,1,0
104,Shot Chart Detail,0021500504,462,203546,Ian Clark,1610612744,Golden State Warriors,4,4,5,Made Shot,Driving Layup Shot,2PT Field Goal,Restricted Area,Center(C),Less Than 8 ft.,2,22,16,1,1
105,Shot Chart Detail,0021500504,534,203546,Ian Clark,1610612744,Golden State Warriors,5,2,35,Made Shot,Turnaround Jump Shot,2PT Field Goal,In The Paint (Non-RA),Center(C),Less Than 8 ft.,5,-53,26,1,1
106,Shot Chart Detail,0021500520,125,203546,Ian Clark,1610612744,Golden State Warriors,2,10,44,Made Shot,Pullup Jump shot,3PT Field Goal,Above the Break 3,Center(C),24+ ft.,25,-70,247,1,1
107,Shot Chart Detail,0021500520,147,203546,Ian Clark,1610612744,Golden State Warriors,2,7,52,Missed Shot,Jump Shot,2PT Field Goal,Mid-Range,Right Side(R),16-24 ft.,21,194,100,1,0
108,Shot Chart Detail,0021500520,164,203546,Ian Clark,1610612744,Golden State Warriors,2,5,22,Missed Shot,Jump Shot,3PT Field Goal,Above the Break 3,Left Side Center(LC),24+ ft.,28,-174,228,1,0
109,Shot Chart Detail,0021500520,384,203546,Ian Clark,1610612744,Golden State Warriors,4,6,30,Missed Shot,Driving Layup Shot,2PT Field Goal,Restricted Area,Center(C),Less Than 8 ft.,1,0,16,1,0
110,Shot Chart Detail,0021500524,129,203546,Ian Clark,1610612744,Golden State Warriors,1,0,40,Missed Shot,Jump Shot,2PT Field Goal,In The Paint (Non-RA),Center(C),8-16 ft.,12,-45,121,1,0
111,Shot Chart Detail,0021500524,152,203546,Ian Clark,1610612744,Golden State Warriors,2,10,23,Missed Shot,Layup Shot,2PT Field Goal,Restricted Area,Center(C),Less Than 8 ft.,2,9,21,1,0
112,Shot Chart Detail,0021500524,164,203546,Ian Clark,1610612744,Golden State Warriors,2,9,15,Missed Shot,Layup Shot,2PT Field Goal,Restricted Area,Center(C),Less Than 8 ft.,0,9,3,1,0
113,Shot Chart Detail,0021500524,439,203546,Ian Clark,1610612744,Golden State Warriors,4,11,9,Missed Shot,Jump Shot,2PT Field Goal,Mid-Range,Left Side(L),16-24 ft.,20,-176,110,1,0
114,Shot Chart Detail,0021500524,443,203546,Ian Clark,1610612744,Golden State Warriors,4,10,25,Missed Shot,Jump Shot,3PT Field Goal,Right Corner 3,Right Side(R),24+ ft.,24,241,-6,1,0
115,Shot Chart Detail,0021500524,446,203546,Ian Clark,1610612744,Golden State Warriors,4,9,48,Made Shot,Floating Jump shot,2PT Field Goal,In The Paint (Non-RA),Center(C),Less Than 8 ft.,5,50,13,1,1
116,Shot Chart Detail,0021500524,457,203546,Ian Clark,1610612744,Golden State Warriors,4,8,46,Missed Shot,Jump Shot,2PT Field Goal,Mid-Range,Left Side Center(LC),16-24 ft.,19,-117,154,1,0
117,Shot Chart Detail,0021500524,489,203546,Ian Clark,1610612744,Golden State Warriors,4,5,41,Missed Shot,Jump Shot,3PT Field Goal,Left Corner 3,Left Side(L),24+ ft.,24,-240,-6,1,0
118,Shot Chart Detail,0021500524,532,203546,Ian Clark,1610612744,Golden State Warriors,4,1,32,Missed Shot,Jump Shot,3PT Field Goal,Above the Break 3,Left Side Center(LC),24+ ft.,26,-110,242,1,0
119,Shot Chart Detail,0021500524,538,203546,Ian Clark,1610612744,Golden State Warriors,4,0,43,Missed Shot,Jump Shot,3PT Field Goal,Above the Break 3,Right Side Center(RC),24+ ft.,24,119,218,1,0
120,Shot Chart Detail,0021500548,146,203546,Ian Clark,1610612744,Golden State Warriors,2,9,46,Made Shot,Jump Shot,3PT Field Goal,Above the Break 3,Left Side Center(LC),24+ ft.,25,-102,229,1,1
121,Shot Chart Detail,0021500548,172,203546,Ian Clark,1610612744,Golden State Warriors,2,7,15,Made Shot,Jump Shot,3PT Field Goal,Above the Break 3,Right Side Center(RC),24+ ft.,25,159,198,1,1
122,Shot Chart Detail,0021500548,478,203546,Ian Clark,1610612744,Golden State Warriors,4,6,12,Missed Shot,Driving Finger Roll Layup Shot,2PT Field Goal,Restricted Area,Center(C),Less Than 8 ft.,2,-20,16,1,0
123,Shot Chart Detail,0021500556,129,203546,Ian Clark,1610612744,Golden State Warriors,2,10,56,Missed Shot,Floating Jump shot,2PT Field Goal,In The Paint (Non-RA),Left Side(L),8-16 ft.,8,-65,52,1,0
124,Shot Chart Detail,0021500568,132,203546,Ian Clark,1610612744,Golden State Warriors,2,10,3,Missed Shot,Jump Shot,3PT Field Goal,Above the Break 3,Left Side Center(LC),24+ ft.,25,-212,144,1,0
125,Shot Chart Detail,0021500568,164,203546,Ian Clark,1610612744,Golden State Warriors,2,7,25,Missed Shot,Layup Shot,2PT Field Goal,Restricted Area,Center(C),Less Than 8 ft.,1,9,11,1,0
126,Shot Chart Detail,0021500568,427,203546,Ian Clark,1610612744,Golden State Warriors,4,7,57,Made Shot,Layup Shot,2PT Field Goal,Restricted Area,Center(C),Less Than 8 ft.,1,4,13,1,1
127,Shot Chart Detail,0021500592,493,203546,Ian Clark,1610612744,Golden State Warriors,4,3,37,Made Shot,Floating Jump shot,2PT Field Goal,In The Paint (Non-RA),Center(C),8-16 ft.,10,4,100,1,1
128,Shot Chart Detail,0021500592,506,203546,Ian Clark,1610612744,Golden State Warriors,4,2,30,Made Shot,Reverse Layup Shot,2PT Field Goal,Restricted Area,Center(C),Less Than 8 ft.,2,9,23,1,1
129,Shot Chart Detail,0021500592,514,203546,Ian Clark,1610612744,Golden State Warriors,4,1,6,Missed Shot,Jump Bank Shot,2PT Field Goal,In The Paint (Non-RA),Center(C),Less Than 8 ft.,7,69,26,1,0
130,Shot Chart Detail,0021500592,524,203546,Ian Clark,1610612744,Golden State Warriors,4,0,31,Made Shot,Driving Finger Roll Layup Shot,2PT Field Goal,Restricted Area,Center(C),Less Than 8 ft.,2,-12,18,1,1
131,Shot Chart Detail,0021500605,542,203546,Ian Clark,1610612744,Golden State Warriors,4,1,18,Missed Shot,Jump Bank Shot,2PT Field Goal,Mid-Range,Left Side(L),8-16 ft.,10,-88,56,1,0
132,Shot Chart Detail,0021500622,214,203546,Ian Clark,1610612744,Golden State Warriors,2,2,48,Made Shot,Jump Shot,3PT Field Goal,Right Corner 3,Right Side(R),24+ ft.,22,227,-6,1,1
133,Shot Chart Detail,0021500622,243,203546,Ian Clark,1610612744,Golden State Warriors,2,0,49,Missed Shot,Jump Shot,3PT Field Goal,Above the Break 3,Left Side Center(LC),24+ ft.,27,-153,228,1,0
134,Shot Chart Detail,0021500622,493,203546,Ian Clark,1610612744,Golden State Warriors,4,5,19,Missed Shot,Jump Shot,2PT Field Goal,Mid-Range,Right Side(R),8-16 ft.,14,130,57,1,0
135,Shot Chart Detail,0021500622,511,203546,Ian Clark,1610612744,Golden State Warriors,4,3,10,Missed Shot,Jump Shot,2PT Field Goal,Mid-Range,Left Side Center(LC),16-24 ft.,20,-102,174,1,0
136,Shot Chart Detail,0021500622,534,203546,Ian Clark,1610612744,Golden State Warriors,4,2,4,Made Shot,Jump Shot,3PT Field Goal,Above the Break 3,Left Side Center(LC),24+ ft.,26,-165,203,1,1
137,Shot Chart Detail,0021500622,537,203546,Ian Clark,1610612744,Golden State Warriors,4,1,28,Missed Shot,Jump Shot,3PT Field Goal,Above the Break 3,Left Side Center(LC),24+ ft.,26,-192,183,1,0
138,Shot Chart Detail,0021500622,549,203546,Ian Clark,1610612744,Golden State Warriors,4,0,21,Missed Shot,Jump Shot,3PT Field Goal,Above the Break 3,Right Side Center(RC),24+ ft.,26,115,242,1,0
139,Shot Chart Detail,0021500634,554,203546,Ian Clark,1610612744,Golden State Warriors,4,1,3,Made Shot,Layup Shot,2PT Field Goal,Restricted Area,Center(C),Less Than 8 ft.,2,19,7,1,1
140,Shot Chart Detail,0021500634,557,203546,Ian Clark,1610612744,Golden State Warriors,4,0,51,Made Shot,Jump Shot,2PT Field Goal,In The Paint (Non-RA),Center(C),Less Than 8 ft.,5,14,56,1,1
141,Shot Chart Detail,0021500652,554,203546,Ian Clark,1610612744,Golden State Warriors,4,1,5,Made Shot,Cutting Layup Shot,2PT Field Goal,Restricted Area,Center(C),Less Than 8 ft.,0,2,7,1,1
142,Shot Chart Detail,0021500675,506,203546,Ian Clark,1610612744,Golden State Warriors,4,3,43,Missed Shot,Jump Shot,3PT Field Goal,Above the Break 3,Left Side Center(LC),24+ ft.,28,-194,214,1,0
143,Shot Chart Detail,0021500707,222,203546,Ian Clark,1610612744,Golden State Warriors,2,1,53,Missed Shot,Turnaround Jump Shot,2PT Field Goal,Restricted Area,Center(C),Less Than 8 ft.,2,-2,21,1,0
144,Shot Chart Detail,0021500707,237,203546,Ian Clark,1610612744,Golden State Warriors,2,0,32,Missed Shot,Jump Shot,2PT Field Goal,Restricted Area,Center(C),Less Than 8 ft.,3,4,33,1,0
145,Shot Chart Detail,0021500707,352,203546,Ian Clark,1610612744,Golden State Warriors,3,2,25,Missed Shot,Jump Shot,3PT Field Goal,Above the Break 3,Left Side Center(LC),24+ ft.,26,-166,208,1,0
146,Shot Chart Detail,0021500707,354,203546,Ian Clark,1610612744,Golden State Warriors,3,2,21,Made Shot,Finger Roll Layup Shot,2PT Field Goal,Restricted Area,Center(C),Less Than 8 ft.,1,-12,11,1,1
147,Shot Chart Detail,0021500707,371,203546,Ian Clark,1610612744,Golden State Warriors,3,0,32,Made Shot,Cutting Layup Shot,2PT Field Goal,Restricted Area,Center(C),Less Than 8 ft.,1,15,2,1,1
148,Shot Chart Detail,0021500718,470,203546,Ian Clark,1610612744,Golden State Warriors,4,3,17,Missed Shot,Jump Shot,3PT Field Goal,Left Corner 3,Left Side(L),24+ ft.,23,-237,-36,1,0
149,Shot Chart Detail,0021500718,514,203546,Ian Clark,1610612744,Golden State Warriors,4,1,2,Missed Shot,Jump Shot,3PT Field Goal,Above the Break 3,Left Side Center(LC),24+ ft.,26,-225,134,1,0
150,Shot Chart Detail,0021500799,258,203546,Ian Clark,1610612744,Golden State Warriors,2,0,1,Missed Shot,Jump Shot,3PT Field Goal,Left Corner 3,Left Side(L),24+ ft.,23,-238,-16,1,0
151,Shot Chart Detail,0021500799,550,203546,Ian Clark,1610612744,Golden State Warriors,4,1,44,Made Shot,Jump Shot,2PT Field Goal,Mid-Range,Right Side Center(RC),16-24 ft.,16,76,151,1,1
152,Shot Chart Detail,0021500799,561,203546,Ian Clark,1610612744,Golden State Warriors,4,0,9,Missed Shot,Jump Shot,3PT Field Goal,Above the Break 3,Left Side Center(LC),24+ ft.,26,-230,139,1,0
153,Shot Chart Detail,0021500815,474,203546,Ian Clark,1610612744,Golden State Warriors,4,5,50,Missed Shot,Floating Jump shot,2PT Field Goal,In The Paint (Non-RA),Center(C),Less Than 8 ft.,5,-50,13,1,0
154,Shot Chart Detail,0021500815,479,203546,Ian Clark,1610612744,Golden State Warriors,4,5,20,Missed Shot,Driving Layup Shot,2PT Field Goal,Restricted Area,Center(C),Less Than 8 ft.,2,-27,3,1,0
155,Shot Chart Detail,0021500815,510,203546,Ian Clark,1610612744,Golden State Warriors,4,3,51,Missed Shot,Jump Shot,3PT Field Goal,Left Corner 3,Left Side(L),24+ ft.,23,-232,16,1,0
156,Shot Chart Detail,0021500815,536,203546,Ian Clark,1610612744,Golden State Warriors,4,2,39,Made Shot,Jump Shot,3PT Field Goal,Above the Break 3,Right Side Center(RC),24+ ft.,24,94,223,1,1
157,Shot Chart Detail,0021500815,550,203546,Ian Clark,1610612744,Golden State Warriors,4,1,26,Made Shot,Floating Jump shot,2PT Field Goal,In The Paint (Non-RA),Center(C),8-16 ft.,8,42,75,1,1
158,Shot Chart Detail,0021500815,553,203546,Ian Clark,1610612744,Golden State Warriors,4,1,6,Made Shot,Pullup Jump shot,2PT Field Goal,Mid-Range,Center(C),16-24 ft.,16,19,164,1,1
159,Shot Chart Detail,0021500815,555,203546,Ian Clark,1610612744,Golden State Warriors,4,0,39,Missed Shot,Floating Jump shot,2PT Field Goal,In The Paint (Non-RA),Center(C),Less Than 8 ft.,6,42,51,1,0
160,Shot Chart Detail,0021500895,74,203546,Ian Clark,1610612744,Golden State Warriors,1,4,36,Missed Shot,Jump Shot,3PT Field Goal,Above the Break 3,Left Side Center(LC),24+ ft.,26,-125,228,1,0
161,Shot Chart Detail,0021500895,215,203546,Ian Clark,1610612744,Golden State Warriors,2,3,39,Missed Shot,Jump Shot,3PT Field Goal,Above the Break 3,Right Side Center(RC),24+ ft.,27,195,188,1,0
162,Shot Chart Detail,0021500895,239,203546,Ian Clark,1610612744,Golden State Warriors,2,1,28,Missed Shot,Jump Shot,3PT Field Goal,Above the Break 3,Left Side Center(LC),24+ ft.,26,-143,218,1,0
163,Shot Chart Detail,0021500895,327,203546,Ian Clark,1610612744,Golden State Warriors,3,4,31,Missed Shot,Layup Shot,2PT Field Goal,Restricted Area,Center(C),Less Than 8 ft.,2,-9,28,1,0
164,Shot Chart Detail,0021500895,335,203546,Ian Clark,1610612744,Golden State Warriors,3,3,14,Missed Shot,Jump Shot,3PT Field Goal,Left Corner 3,Left Side(L),24+ ft.,22,-228,2,1,0
165,Shot Chart Detail,0021500931,247,203546,Ian Clark,1610612744,Golden State Warriors,2,2,15,Missed Shot,Driving Floating Jump Shot,2PT Field Goal,Restricted Area,Center(C),Less Than 8 ft.,2,-22,-1,1,0
166,Shot Chart Detail,0021500931,533,203546,Ian Clark,1610612744,Golden State Warriors,4,0,44,Made Shot,Jump Shot,3PT Field Goal,Above the Break 3,Left Side Center(LC),24+ ft.,27,-201,183,1,1
167,Shot Chart Detail,0021500931,539,203546,Ian Clark,1610612744,Golden State Warriors,4,0,18,Made Shot,Driving Floating Jump Shot,2PT Field Goal,Restricted Area,Center(C),Less Than 8 ft.,3,17,28,1,1
168,Shot Chart Detail,0021500943,194,203546,Ian Clark,1610612744,Golden State Warriors,2,7,15,Made Shot,Reverse Layup Shot,2PT Field Goal,Restricted Area,Center(C),Less Than 8 ft.,1,12,13,1,1
169,Shot Chart Detail,0021500958,499,203546,Ian Clark,1610612744,Golden State Warriors,4,0,30,Made Shot,Pullup Jump shot,2PT Field Goal,Mid-Range,Left Side Center(LC),16-24 ft.,16,-127,111,1,1
170,Shot Chart Detail,0021500971,299,203546,Ian Clark,1610612744,Golden State Warriors,3,8,56,Missed Shot,Jump Shot,3PT Field Goal,Above the Break 3,Right Side Center(RC),24+ ft.,24,209,134,1,0
171,Shot Chart Detail,0021500971,307,203546,Ian Clark,1610612744,Golden State Warriors,3,7,58,Missed Shot,Layup Shot,2PT Field Goal,Restricted Area,Center(C),Less Than 8 ft.,2,-7,21,1,0
172,Shot Chart Detail,0021500971,528,203546,Ian Clark,1610612744,Golden State Warriors,4,2,31,Missed Shot,Driving Layup Shot,2PT Field Goal,Restricted Area,Center(C),Less Than 8 ft.,1,-11,16,1,0
173,Shot Chart Detail,0021500971,542,203546,Ian Clark,1610612744,Golden State Warriors,4,1,31,Made Shot,Floating Jump shot,2PT Field Goal,Mid-Range,Left Side(L),8-16 ft.,10,-107,7,1,1
174,Shot Chart Detail,0021500971,544,203546,Ian Clark,1610612744,Golden State Warriors,4,1,0,Missed Shot,Jump Shot,3PT Field Goal,Above the Break 3,Left Side Center(LC),24+ ft.,24,-81,232,1,0
175,Shot Chart Detail,0021500996,462,203546,Ian Clark,1610612744,Golden State Warriors,4,7,7,Missed Shot,Driving Layup Shot,2PT Field Goal,Restricted Area,Center(C),Less Than 8 ft.,2,15,23,1,0
176,Shot Chart Detail,0021500996,475,203546,Ian Clark,1610612744,Golden State Warriors,4,5,46,Made Shot,Floating Jump shot,2PT Field Goal,Mid-Range,Right Side(R),8-16 ft.,11,86,70,1,1
177,Shot Chart Detail,0021500996,530,203546,Ian Clark,1610612744,Golden State Warriors,4,0,42,Missed Shot,Jump Shot,3PT Field Goal,Above the Break 3,Left Side Center(LC),24+ ft.,30,-153,262,1,0
178,Shot Chart Detail,0021501011,401,203546,Ian Clark,1610612744,Golden State Warriors,4,6,9,Made Shot,Pullup Jump shot,2PT Field Goal,Mid-Range,Left Side Center(LC),16-24 ft.,17,-119,129,1,1
179,Shot Chart Detail,0021501011,412,203546,Ian Clark,1610612744,Golden State Warriors,4,4,49,Made Shot,Pullup Jump shot,2PT Field Goal,Mid-Range,Center(C),16-24 ft.,20,-1,203,1,1
180,Shot Chart Detail,0021501011,448,203546,Ian Clark,1610612744,Golden State Warriors,4,1,12,Missed Shot,Jump Shot,2PT Field Goal,In The Paint (Non-RA),Center(C),8-16 ft.,9,9,95,1,0
181,Shot Chart Detail,0021501026,564,203546,Ian Clark,1610612744,Golden State Warriors,4,0,52,Missed Shot,Jump Shot,3PT Field Goal,Above the Break 3,Center(C),24+ ft.,24,-71,237,1,0
182,Shot Chart Detail,0021501036,156,203546,Ian Clark,1610612744,Golden State Warriors,2,9,4,Missed Shot,Jump Shot,3PT Field Goal,Right Corner 3,Right Side(R),24+ ft.,22,227,-5,1,0
183,Shot Chart Detail,0021501036,167,203546,Ian Clark,1610612744,Golden State Warriors,2,8,5,Made Shot,Driving Finger Roll Layup Shot,2PT Field Goal,Restricted Area,Center(C),Less Than 8 ft.,0,-7,2,1,1
184,Shot Chart Detail,0021501050,437,203546,Ian Clark,1610612744,Golden State Warriors,4,8,41,Missed Shot,Step Back Jump shot,3PT Field Goal,Above the Break 3,Center(C),24+ ft.,25,63,247,1,0
185,Shot Chart Detail,0021501080,230,203546,Ian Clark,1610612744,Golden State Warriors,2,1,47,Missed Shot,Pullup Jump shot,3PT Field Goal,Left Corner 3,Left Side(L),24+ ft.,23,-232,-6,1,0
186,Shot Chart Detail,0021501080,234,203546,Ian Clark,1610612744,Golden State Warriors,2,1,22,Made Shot,Pullup Jump shot,3PT Field Goal,Left Corner 3,Left Side(L),24+ ft.,24,-233,67,1,1
187,Shot Chart Detail,0021501094,122,203546,Ian Clark,1610612744,Golden State Warriors,1,0,8,Made Shot,Driving Layup Shot,2PT Field Goal,Restricted Area,Center(C),Less Than 8 ft.,2,15,21,1,1
188,Shot Chart Detail,0021501094,134,203546,Ian Clark,1610612744,Golden State Warriors,2,10,56,Made Shot,Driving Layup Shot,2PT Field Goal,Restricted Area,Center(C),Less Than 8 ft.,1,-2,16,1,1
189,Shot Chart Detail,0021501094,401,203546,Ian Clark,1610612744,Golden State Warriors,4,9,19,Missed Shot,Pullup Jump shot,3PT Field Goal,Above the Break 3,Right Side Center(RC),24+ ft.,25,114,229,1,0
190,Shot Chart Detail,0021501094,442,203546,Ian Clark,1610612744,Golden State Warriors,4,4,47,Missed Shot,Pullup Jump shot,3PT Field Goal,Above the Break 3,Right Side Center(RC),24+ ft.,23,217,100,1,0
191,Shot Chart Detail,0021501094,482,203546,Ian Clark,1610612744,Golden State Warriors,4,1,23,Missed Shot,Jump Shot,3PT Field Goal,Above the Break 3,Right Side Center(RC),24+ ft.,30,177,254,1,0
192,Shot Chart Detail,0021501112,183,203546,Ian Clark,1610612744,Golden State Warriors,2,7,10,Made Shot,Floating Jump shot,2PT Field Goal,In The Paint (Non-RA),Center(C),Less Than 8 ft.,7,-74,21,1,1
193,Shot Chart Detail,0021501112,204,203546,Ian Clark,1610612744,Golden State Warriors,2,5,19,Missed Shot,Jump Shot,2PT Field Goal,In The Paint (Non-RA),Center(C),Less Than 8 ft.,6,-34,57,1,0
194,Shot Chart Detail,0021501112,222,203546,Ian Clark,1610612744,Golden State Warriors,2,3,39,Missed Shot,Jump Shot,3PT Field Goal,Right Corner 3,Right Side(R),24+ ft.,23,232,2,1,0
195,Shot Chart Detail,0021501112,526,203546,Ian Clark,1610612744,Golden State Warriors,4,1,30,Missed Shot,Jump Shot,2PT Field Goal,Mid-Range,Right Side Center(RC),16-24 ft.,19,146,124,1,0
196,Shot Chart Detail,0021501119,405,203546,Ian Clark,1610612744,Golden State Warriors,4,8,22,Made Shot,Driving Floating Jump Shot,2PT Field Goal,In The Paint (Non-RA),Center(C),Less Than 8 ft.,7,-79,2,1,1
197,Shot Chart Detail,0021501119,450,203546,Ian Clark,1610612744,Golden State Warriors,4,5,12,Made Shot,Jump Shot,3PT Field Goal,Left Corner 3,Left Side(L),24+ ft.,22,-227,18,1,1
198,Shot Chart Detail,0021501119,461,203546,Ian Clark,1610612744,Golden State Warriors,4,4,21,Missed Shot,Jump Shot,3PT Field Goal,Above the Break 3,Right Side Center(RC),24+ ft.,24,192,146,1,0
199,Shot Chart Detail,0021501136,192,203546,Ian Clark,1610612744,Golden State Warriors,2,5,42,Missed Shot,Running Jump Shot,2PT Field Goal,In The Paint (Non-RA),Center(C),Less Than 8 ft.,4,-9,41,1,0
