,GRID_TYPE,GAME_ID,GAME_EVENT_ID,PLAYER_ID,PLAYER_NAME,TEAM_ID,TEAM_NAME,PERIOD,MINUTES_REMAINING,SECONDS_REMAINING,EVENT_TYPE,ACTION_TYPE,SHOT_TYPE,SHOT_ZONE_BASIC,SHOT_ZONE_AREA,SHOT_ZONE_RANGE,SHOT_DISTANCE,LOC_X,LOC_Y,SHOT_ATTEMPTED_FLAG,SHOT_MADE_FLAG
0,Shot Chart Detail,0021500003,167,2738,Andre Iguodala,1610612744,Golden State Warriors,2,8,36,Missed Shot,Driving Layup Shot,2PT Field Goal,Restricted Area,Center(C),Less Than 8 ft.,2,-16,16,1,0
1,Shot Chart Detail,0021500003,243,2738,Andre Iguodala,1610612744,Golden State Warriors,2,2,59,Missed Shot,Jump Shot,3PT Field Goal,Above the Break 3,Left Side Center(LC),24+ ft.,27,-187,203,1,0
2,Shot Chart Detail,0021500003,460,2738,Andre Iguodala,1610612744,Golden State Warriors,4,11,3,Made Shot,Running Dunk Shot,2PT Field Goal,Restricted Area,Center(C),Less Than 8 ft.,0,0,1,1,1
3,Shot Chart Detail,0021500030,154,2738,Andre Iguodala,1610612744,Golden State Warriors,1,0,12,Missed Shot,Turnaround Jump Shot,2PT Field Goal,Mid-Range,Left Side(L),8-16 ft.,14,-96,111,1,0
4,Shot Chart Detail,0021500030,171,2738,Andre Iguodala,1610612744,Golden State Warriors,2,10,38,Missed Shot,Jump Shot,3PT Field Goal,Above the Break 3,Left Side Center(LC),24+ ft.,25,-219,134,1,0
5,Shot Chart Detail,0021500030,175,2738,Andre Iguodala,1610612744,Golden State Warriors,2,10,24,Made Shot,Tip Layup Shot,2PT Field Goal,Restricted Area,Center(C),Less Than 8 ft.,1,-1,18,1,1
6,Shot Chart Detail,0021500030,191,2738,Andre Iguodala,1610612744,Golden State Warriors,2,9,6,Made Shot,Dunk Shot,2PT Field Goal,Restricted Area,Center(C),Less Than 8 ft.,0,0,1,1,1
7,Shot Chart Detail,0021500030,248,2738,Andre Iguodala,1610612744,Golden State Warriors,2,4,37,Made Shot,Running Layup Shot,2PT Field Goal,Restricted Area,Center(C),Less Than 8 ft.,1,14,7,1,1
8,Shot Chart Detail,0021500030,280,2738,Andre Iguodala,1610612744,Golden State Warriors,2,1,50,Missed Shot,Jump Shot,3PT Field Goal,Right Corner 3,Right Side(R),24+ ft.,23,230,2,1,0
9,Shot Chart Detail,0021500030,371,2738,Andre Iguodala,1610612744,Golden State Warriors,3,5,52,Missed Shot,Jump Shot,3PT Field Goal,Above the Break 3,Right Side Center(RC),24+ ft.,24,166,180,1,0
10,Shot Chart Detail,0021500030,383,2738,Andre Iguodala,1610612744,Golden State Warriors,3,4,49,Made Shot,Jump Shot,3PT Field Goal,Right Corner 3,Right Side(R),24+ ft.,23,230,23,1,1
11,Shot Chart Detail,0021500030,502,2738,Andre Iguodala,1610612744,Golden State Warriors,4,6,13,Made Shot,Jump Shot,3PT Field Goal,Above the Break 3,Left Side Center(LC),24+ ft.,26,-196,175,1,1
12,Shot Chart Detail,0021500035,75,2738,Andre Iguodala,1610612744,Golden State Warriors,1,5,26,Made Shot,Layup Shot,2PT Field Goal,Restricted Area,Center(C),Less Than 8 ft.,1,-7,11,1,1
13,Shot Chart Detail,0021500035,113,2738,Andre Iguodala,1610612744,Golden State Warriors,1,2,34,Made Shot,Jump Shot,3PT Field Goal,Above the Break 3,Right Side Center(RC),24+ ft.,25,222,134,1,1
14,Shot Chart Detail,0021500035,166,2738,Andre Iguodala,1610612744,Golden State Warriors,2,10,12,Made Shot,Dunk Shot,2PT Field Goal,Restricted Area,Center(C),Less Than 8 ft.,0,0,1,1,1
15,Shot Chart Detail,0021500035,393,2738,Andre Iguodala,1610612744,Golden State Warriors,3,4,21,Missed Shot,Jump Shot,2PT Field Goal,Mid-Range,Left Side(L),8-16 ft.,15,-125,90,1,0
16,Shot Chart Detail,0021500035,430,2738,Andre Iguodala,1610612744,Golden State Warriors,3,0,0,Missed Shot,Jump Shot,3PT Field Goal,Backcourt,Back Court(BC),Back Court Shot,69,-157,672,1,0
17,Shot Chart Detail,0021500035,454,2738,Andre Iguodala,1610612744,Golden State Warriors,4,9,8,Missed Shot,Jump Shot,2PT Field Goal,Restricted Area,Center(C),Less Than 8 ft.,3,33,3,1,0
18,Shot Chart Detail,0021500051,77,2738,Andre Iguodala,1610612744,Golden State Warriors,1,4,11,Made Shot,Reverse Layup Shot,2PT Field Goal,Restricted Area,Center(C),Less Than 8 ft.,2,15,18,1,1
19,Shot Chart Detail,0021500051,87,2738,Andre Iguodala,1610612744,Golden State Warriors,1,2,58,Missed Shot,Jump Shot,3PT Field Goal,Above the Break 3,Left Side Center(LC),24+ ft.,24,-181,169,1,0
20,Shot Chart Detail,0021500051,96,2738,Andre Iguodala,1610612744,Golden State Warriors,1,2,22,Missed Shot,Hook Shot,2PT Field Goal,In The Paint (Non-RA),Center(C),Less Than 8 ft.,7,-70,31,1,0
21,Shot Chart Detail,0021500051,130,2738,Andre Iguodala,1610612744,Golden State Warriors,2,11,36,Missed Shot,Step Back Jump shot,2PT Field Goal,Restricted Area,Center(C),Less Than 8 ft.,1,10,9,1,0
22,Shot Chart Detail,0021500051,147,2738,Andre Iguodala,1610612744,Golden State Warriors,2,9,24,Made Shot,Driving Dunk Shot,2PT Field Goal,Restricted Area,Center(C),Less Than 8 ft.,0,0,1,1,1
23,Shot Chart Detail,0021500051,163,2738,Andre Iguodala,1610612744,Golden State Warriors,2,7,32,Made Shot,Jump Shot,2PT Field Goal,Mid-Range,Left Side(L),16-24 ft.,19,-168,95,1,1
24,Shot Chart Detail,0021500051,376,2738,Andre Iguodala,1610612744,Golden State Warriors,3,2,55,Missed Shot,Jump Shot,3PT Field Goal,Above the Break 3,Left Side Center(LC),24+ ft.,25,-166,190,1,0
25,Shot Chart Detail,0021500051,411,2738,Andre Iguodala,1610612744,Golden State Warriors,3,0,0,Missed Shot,Jump Shot,3PT Field Goal,Above the Break 3,Left Side Center(LC),24+ ft.,26,-109,244,1,0
26,Shot Chart Detail,0021500069,108,2738,Andre Iguodala,1610612744,Golden State Warriors,1,3,0,Missed Shot,Jump Shot,3PT Field Goal,Above the Break 3,Left Side Center(LC),24+ ft.,27,-102,257,1,0
27,Shot Chart Detail,0021500069,132,2738,Andre Iguodala,1610612744,Golden State Warriors,1,0,58,Made Shot,Jump Shot,2PT Field Goal,Mid-Range,Left Side Center(LC),16-24 ft.,20,-86,185,1,1
28,Shot Chart Detail,0021500069,153,2738,Andre Iguodala,1610612744,Golden State Warriors,2,10,40,Made Shot,Jump Shot,2PT Field Goal,Mid-Range,Right Side Center(RC),16-24 ft.,17,79,159,1,1
29,Shot Chart Detail,0021500069,278,2738,Andre Iguodala,1610612744,Golden State Warriors,2,0,0,Missed Shot,Jump Shot,3PT Field Goal,Above the Break 3,Right Side Center(RC),24+ ft.,42,195,375,1,0
30,Shot Chart Detail,0021500069,352,2738,Andre Iguodala,1610612744,Golden State Warriors,3,4,23,Missed Shot,Jump Shot,3PT Field Goal,Right Corner 3,Right Side(R),24+ ft.,23,238,26,1,0
31,Shot Chart Detail,0021500069,401,2738,Andre Iguodala,1610612744,Golden State Warriors,3,0,1,Missed Shot,Floating Jump shot,2PT Field Goal,In The Paint (Non-RA),Center(C),Less Than 8 ft.,7,-43,65,1,0
32,Shot Chart Detail,0021500069,516,2738,Andre Iguodala,1610612744,Golden State Warriors,4,1,30,Missed Shot,Jump Shot,3PT Field Goal,Above the Break 3,Left Side Center(LC),24+ ft.,25,-124,219,1,0
33,Shot Chart Detail,0021500083,153,2738,Andre Iguodala,1610612744,Golden State Warriors,2,10,16,Made Shot,Driving Dunk Shot,2PT Field Goal,Restricted Area,Center(C),Less Than 8 ft.,0,0,1,1,1
34,Shot Chart Detail,0021500083,376,2738,Andre Iguodala,1610612744,Golden State Warriors,3,1,57,Missed Shot,Jump Shot,2PT Field Goal,Mid-Range,Left Side Center(LC),16-24 ft.,21,-117,178,1,0
35,Shot Chart Detail,0021500083,404,2738,Andre Iguodala,1610612744,Golden State Warriors,4,11,12,Missed Shot,Jump Shot,3PT Field Goal,Right Corner 3,Right Side(R),24+ ft.,23,227,65,1,0
36,Shot Chart Detail,0021500092,113,2738,Andre Iguodala,1610612744,Golden State Warriors,1,2,5,Made Shot,Jump Shot,3PT Field Goal,Right Corner 3,Right Side(R),24+ ft.,24,240,36,1,1
37,Shot Chart Detail,0021500092,131,2738,Andre Iguodala,1610612744,Golden State Warriors,1,0,9,Made Shot,Dunk Shot,2PT Field Goal,Restricted Area,Center(C),Less Than 8 ft.,0,0,1,1,1
38,Shot Chart Detail,0021500092,159,2738,Andre Iguodala,1610612744,Golden State Warriors,2,9,25,Made Shot,Jump Shot,2PT Field Goal,In The Paint (Non-RA),Left Side(L),8-16 ft.,10,-66,80,1,1
39,Shot Chart Detail,0021500092,178,2738,Andre Iguodala,1610612744,Golden State Warriors,2,7,32,Made Shot,Driving Layup Shot,2PT Field Goal,Restricted Area,Center(C),Less Than 8 ft.,0,0,9,1,1
40,Shot Chart Detail,0021500092,380,2738,Andre Iguodala,1610612744,Golden State Warriors,3,1,51,Made Shot,Jump Shot,3PT Field Goal,Right Corner 3,Right Side(R),24+ ft.,23,233,11,1,1
41,Shot Chart Detail,0021500092,397,2738,Andre Iguodala,1610612744,Golden State Warriors,3,0,0,Missed Shot,Jump Shot,2PT Field Goal,Mid-Range,Right Side(R),16-24 ft.,20,202,18,1,0
42,Shot Chart Detail,0021500092,417,2738,Andre Iguodala,1610612744,Golden State Warriors,4,9,23,Missed Shot,Jump Shot,3PT Field Goal,Right Corner 3,Right Side(R),24+ ft.,23,238,3,1,0
43,Shot Chart Detail,0021500092,489,2738,Andre Iguodala,1610612744,Golden State Warriors,4,3,29,Made Shot,Reverse Layup Shot,2PT Field Goal,Restricted Area,Center(C),Less Than 8 ft.,2,20,16,1,1
44,Shot Chart Detail,0021500104,43,2738,Andre Iguodala,1610612744,Golden State Warriors,1,5,47,Missed Shot,Pullup Jump shot,2PT Field Goal,Mid-Range,Left Side Center(LC),16-24 ft.,16,-112,115,1,0
45,Shot Chart Detail,0021500104,108,2738,Andre Iguodala,1610612744,Golden State Warriors,1,0,9,Made Shot,Pullup Jump shot,3PT Field Goal,Above the Break 3,Center(C),24+ ft.,25,-16,259,1,1
46,Shot Chart Detail,0021500104,116,2738,Andre Iguodala,1610612744,Golden State Warriors,2,11,30,Missed Shot,Jump Shot,2PT Field Goal,Mid-Range,Left Side(L),16-24 ft.,21,-173,120,1,0
47,Shot Chart Detail,0021500104,129,2738,Andre Iguodala,1610612744,Golden State Warriors,2,9,38,Made Shot,Running Dunk Shot,2PT Field Goal,Restricted Area,Center(C),Less Than 8 ft.,0,0,1,1,1
48,Shot Chart Detail,0021500104,198,2738,Andre Iguodala,1610612744,Golden State Warriors,2,3,25,Missed Shot,Driving Reverse Layup Shot,2PT Field Goal,Restricted Area,Center(C),Less Than 8 ft.,2,14,18,1,0
49,Shot Chart Detail,0021500104,201,2738,Andre Iguodala,1610612744,Golden State Warriors,2,2,56,Made Shot,Pullup Jump shot,2PT Field Goal,Mid-Range,Right Side(R),8-16 ft.,14,140,23,1,1
50,Shot Chart Detail,0021500104,226,2738,Andre Iguodala,1610612744,Golden State Warriors,2,1,11,Made Shot,Driving Reverse Layup Shot,2PT Field Goal,Restricted Area,Center(C),Less Than 8 ft.,0,-7,7,1,1
51,Shot Chart Detail,0021500104,340,2738,Andre Iguodala,1610612744,Golden State Warriors,3,2,53,Missed Shot,Driving Layup Shot,2PT Field Goal,Restricted Area,Center(C),Less Than 8 ft.,1,-9,16,1,0
52,Shot Chart Detail,0021500104,342,2738,Andre Iguodala,1610612744,Golden State Warriors,3,2,51,Missed Shot,Driving Layup Shot,2PT Field Goal,Restricted Area,Center(C),Less Than 8 ft.,1,-14,8,1,0
53,Shot Chart Detail,0021500104,392,2738,Andre Iguodala,1610612744,Golden State Warriors,4,9,50,Made Shot,Running Dunk Shot,2PT Field Goal,Restricted Area,Center(C),Less Than 8 ft.,0,0,1,1,1
54,Shot Chart Detail,0021500104,460,2738,Andre Iguodala,1610612744,Golden State Warriors,4,2,9,Missed Shot,Jump Shot,2PT Field Goal,Mid-Range,Right Side(R),8-16 ft.,13,123,61,1,0
55,Shot Chart Detail,0021500120,71,2738,Andre Iguodala,1610612744,Golden State Warriors,1,4,9,Missed Shot,Tip Dunk Shot,2PT Field Goal,Restricted Area,Center(C),Less Than 8 ft.,0,0,1,1,0
56,Shot Chart Detail,0021500120,99,2738,Andre Iguodala,1610612744,Golden State Warriors,1,1,57,Made Shot,Step Back Jump shot,3PT Field Goal,Right Corner 3,Right Side(R),24+ ft.,22,228,-11,1,1
57,Shot Chart Detail,0021500120,141,2738,Andre Iguodala,1610612744,Golden State Warriors,2,10,28,Made Shot,Jump Shot,3PT Field Goal,Above the Break 3,Right Side Center(RC),24+ ft.,25,143,210,1,1
58,Shot Chart Detail,0021500120,153,2738,Andre Iguodala,1610612744,Golden State Warriors,2,9,14,Made Shot,Jump Shot,3PT Field Goal,Above the Break 3,Right Side Center(RC),24+ ft.,24,173,174,1,1
59,Shot Chart Detail,0021500120,382,2738,Andre Iguodala,1610612744,Golden State Warriors,3,4,0,Made Shot,Running Dunk Shot,2PT Field Goal,Restricted Area,Center(C),Less Than 8 ft.,0,0,1,1,1
60,Shot Chart Detail,0021500120,453,2738,Andre Iguodala,1610612744,Golden State Warriors,4,11,22,Missed Shot,Jump Shot,2PT Field Goal,Mid-Range,Right Side Center(RC),16-24 ft.,20,155,141,1,0
61,Shot Chart Detail,0021500120,547,2738,Andre Iguodala,1610612744,Golden State Warriors,4,2,6,Made Shot,Jump Shot,3PT Field Goal,Above the Break 3,Right Side Center(RC),24+ ft.,25,145,214,1,1
62,Shot Chart Detail,0021500120,557,2738,Andre Iguodala,1610612744,Golden State Warriors,4,1,40,Made Shot,Jump Shot,2PT Field Goal,Mid-Range,Right Side Center(RC),16-24 ft.,20,146,141,1,1
63,Shot Chart Detail,0021500120,565,2738,Andre Iguodala,1610612744,Golden State Warriors,4,0,12,Missed Shot,Jump Shot,3PT Field Goal,Above the Break 3,Center(C),24+ ft.,24,32,244,1,0
64,Shot Chart Detail,0021500125,88,2738,Andre Iguodala,1610612744,Golden State Warriors,1,3,2,Made Shot,Jump Shot,3PT Field Goal,Right Corner 3,Right Side(R),24+ ft.,22,223,46,1,1
65,Shot Chart Detail,0021500125,144,2738,Andre Iguodala,1610612744,Golden State Warriors,2,9,34,Missed Shot,Pullup Jump shot,2PT Field Goal,Mid-Range,Right Side Center(RC),16-24 ft.,17,68,159,1,0
66,Shot Chart Detail,0021500125,358,2738,Andre Iguodala,1610612744,Golden State Warriors,3,3,29,Missed Shot,Jump Shot,3PT Field Goal,Left Corner 3,Left Side(L),24+ ft.,23,-232,8,1,0
67,Shot Chart Detail,0021500125,376,2738,Andre Iguodala,1610612744,Golden State Warriors,3,1,27,Missed Shot,Step Back Jump shot,2PT Field Goal,Mid-Range,Center(C),8-16 ft.,15,0,154,1,0
68,Shot Chart Detail,0021500125,382,2738,Andre Iguodala,1610612744,Golden State Warriors,3,0,44,Missed Shot,Hook Shot,2PT Field Goal,Restricted Area,Center(C),Less Than 8 ft.,3,9,36,1,0
69,Shot Chart Detail,0021500125,388,2738,Andre Iguodala,1610612744,Golden State Warriors,3,0,0,Missed Shot,Jump Shot,3PT Field Goal,Backcourt,Back Court(BC),Back Court Shot,57,166,555,1,0
70,Shot Chart Detail,0021500144,48,2738,Andre Iguodala,1610612744,Golden State Warriors,1,5,29,Missed Shot,Jump Shot,3PT Field Goal,Right Corner 3,Right Side(R),24+ ft.,23,230,8,1,0
71,Shot Chart Detail,0021500144,57,2738,Andre Iguodala,1610612744,Golden State Warriors,1,4,0,Missed Shot,Jump Shot,2PT Field Goal,Mid-Range,Center(C),16-24 ft.,16,24,164,1,0
72,Shot Chart Detail,0021500144,63,2738,Andre Iguodala,1610612744,Golden State Warriors,1,3,4,Missed Shot,Driving Layup Shot,2PT Field Goal,Restricted Area,Center(C),Less Than 8 ft.,1,6,11,1,0
73,Shot Chart Detail,0021500144,78,2738,Andre Iguodala,1610612744,Golden State Warriors,1,1,33,Made Shot,Pullup Jump shot,3PT Field Goal,Above the Break 3,Left Side Center(LC),24+ ft.,26,-174,198,1,1
74,Shot Chart Detail,0021500144,88,2738,Andre Iguodala,1610612744,Golden State Warriors,1,0,47,Missed Shot,Reverse Layup Shot,2PT Field Goal,Restricted Area,Center(C),Less Than 8 ft.,1,12,11,1,0
75,Shot Chart Detail,0021500144,105,2738,Andre Iguodala,1610612744,Golden State Warriors,2,11,26,Made Shot,Driving Layup Shot,2PT Field Goal,Restricted Area,Center(C),Less Than 8 ft.,0,-9,0,1,1
76,Shot Chart Detail,0021500144,135,2738,Andre Iguodala,1610612744,Golden State Warriors,2,7,17,Made Shot,Pullup Bank shot,3PT Field Goal,Above the Break 3,Center(C),24+ ft.,24,-52,242,1,1
77,Shot Chart Detail,0021500144,291,2738,Andre Iguodala,1610612744,Golden State Warriors,3,4,45,Missed Shot,Pullup Jump shot,3PT Field Goal,Above the Break 3,Center(C),24+ ft.,24,46,242,1,0
78,Shot Chart Detail,0021500144,366,2738,Andre Iguodala,1610612744,Golden State Warriors,4,8,13,Missed Shot,Jump Shot,3PT Field Goal,Above the Break 3,Left Side Center(LC),24+ ft.,25,-138,219,1,0
79,Shot Chart Detail,0021500144,443,2738,Andre Iguodala,1610612744,Golden State Warriors,4,1,26,Made Shot,Pullup Jump shot,2PT Field Goal,Mid-Range,Center(C),16-24 ft.,16,-1,165,1,1
80,Shot Chart Detail,0021500144,474,2738,Andre Iguodala,1610612744,Golden State Warriors,4,0,5,Made Shot,Pullup Jump shot,3PT Field Goal,Above the Break 3,Left Side Center(LC),24+ ft.,26,-187,188,1,1
81,Shot Chart Detail,0021500144,516,2738,Andre Iguodala,1610612744,Golden State Warriors,5,1,50,Made Shot,Running Alley Oop Dunk Shot,2PT Field Goal,Restricted Area,Center(C),Less Than 8 ft.,0,0,1,1,1
82,Shot Chart Detail,0021500164,112,2738,Andre Iguodala,1610612744,Golden State Warriors,1,1,36,Made Shot,Pullup Jump shot,3PT Field Goal,Above the Break 3,Left Side Center(LC),24+ ft.,26,-202,169,1,1
83,Shot Chart Detail,0021500164,202,2738,Andre Iguodala,1610612744,Golden State Warriors,2,2,53,Made Shot,Alley Oop Dunk Shot,2PT Field Goal,Restricted Area,Center(C),Less Than 8 ft.,0,0,1,1,1
84,Shot Chart Detail,0021500164,356,2738,Andre Iguodala,1610612744,Golden State Warriors,3,0,3,Made Shot,Driving Bank shot,2PT Field Goal,In The Paint (Non-RA),Center(C),Less Than 8 ft.,6,-37,56,1,1
85,Shot Chart Detail,0021500177,97,2738,Andre Iguodala,1610612744,Golden State Warriors,1,2,37,Made Shot,Jump Shot,2PT Field Goal,Mid-Range,Center(C),16-24 ft.,20,4,203,1,1
86,Shot Chart Detail,0021500177,227,2738,Andre Iguodala,1610612744,Golden State Warriors,2,3,36,Missed Shot,Jump Shot,2PT Field Goal,In The Paint (Non-RA),Center(C),Less Than 8 ft.,5,-42,36,1,0
87,Shot Chart Detail,0021500177,500,2738,Andre Iguodala,1610612744,Golden State Warriors,4,4,55,Made Shot,Jump Shot,3PT Field Goal,Right Corner 3,Right Side(R),24+ ft.,23,232,21,1,1
88,Shot Chart Detail,0021500177,509,2738,Andre Iguodala,1610612744,Golden State Warriors,4,3,18,Made Shot,Jump Shot,3PT Field Goal,Left Corner 3,Left Side(L),24+ ft.,24,-243,21,1,1
89,Shot Chart Detail,0021500187,58,2738,Andre Iguodala,1610612744,Golden State Warriors,1,4,43,Missed Shot,Jump Shot,2PT Field Goal,Mid-Range,Left Side Center(LC),16-24 ft.,19,-63,183,1,0
90,Shot Chart Detail,0021500187,166,2738,Andre Iguodala,1610612744,Golden State Warriors,1,1,16,Made Shot,Dunk Shot,2PT Field Goal,Restricted Area,Center(C),Less Than 8 ft.,1,13,-1,1,1
91,Shot Chart Detail,0021500187,91,2738,Andre Iguodala,1610612744,Golden State Warriors,1,0,14,Made Shot,Turnaround Fadeaway shot,2PT Field Goal,In The Paint (Non-RA),Center(C),8-16 ft.,10,-6,101,1,1
92,Shot Chart Detail,0021500187,145,2738,Andre Iguodala,1610612744,Golden State Warriors,2,6,20,Made Shot,Jump Shot,2PT Field Goal,In The Paint (Non-RA),Center(C),8-16 ft.,11,0,111,1,1
93,Shot Chart Detail,0021500187,206,2738,Andre Iguodala,1610612744,Golden State Warriors,2,1,31,Made Shot,Jump Shot,3PT Field Goal,Above the Break 3,Center(C),24+ ft.,25,12,259,1,1
94,Shot Chart Detail,0021500187,398,2738,Andre Iguodala,1610612744,Golden State Warriors,4,10,39,Made Shot,Fadeaway Jump Shot,2PT Field Goal,Mid-Range,Right Side(R),8-16 ft.,15,120,95,1,1
95,Shot Chart Detail,0021500187,401,2738,Andre Iguodala,1610612744,Golden State Warriors,4,10,11,Missed Shot,Jump Shot,3PT Field Goal,Above the Break 3,Left Side Center(LC),24+ ft.,26,-189,188,1,0
96,Shot Chart Detail,0021500187,403,2738,Andre Iguodala,1610612744,Golden State Warriors,4,9,57,Missed Shot,Pullup Jump shot,2PT Field Goal,In The Paint (Non-RA),Center(C),8-16 ft.,12,60,115,1,0
97,Shot Chart Detail,0021500187,492,2738,Andre Iguodala,1610612744,Golden State Warriors,4,2,35,Missed Shot,Pullup Jump shot,3PT Field Goal,Above the Break 3,Center(C),24+ ft.,24,50,239,1,0
98,Shot Chart Detail,0021500200,99,2738,Andre Iguodala,1610612744,Golden State Warriors,1,2,28,Made Shot,Jump Shot,3PT Field Goal,Left Corner 3,Left Side(L),24+ ft.,24,-243,21,1,1
99,Shot Chart Detail,0021500200,115,2738,Andre Iguodala,1610612744,Golden State Warriors,1,1,4,Made Shot,Jump Shot,2PT Field Goal,Restricted Area,Center(C),Less Than 8 ft.,3,-35,13,1,1
100,Shot Chart Detail,0021500200,162,2738,Andre Iguodala,1610612744,Golden State Warriors,2,8,39,Made Shot,Dunk Shot,2PT Field Goal,Restricted Area,Center(C),Less Than 8 ft.,0,0,1,1,1
101,Shot Chart Detail,0021500200,413,2738,Andre Iguodala,1610612744,Golden State Warriors,3,0,37,Made Shot,Jump Shot,3PT Field Goal,Above the Break 3,Left Side Center(LC),24+ ft.,24,-219,120,1,1
102,Shot Chart Detail,0021500200,429,2738,Andre Iguodala,1610612744,Golden State Warriors,4,11,9,Made Shot,Turnaround Jump Shot,2PT Field Goal,Mid-Range,Right Side(R),8-16 ft.,10,91,52,1,1
103,Shot Chart Detail,0021500200,545,2738,Andre Iguodala,1610612744,Golden State Warriors,4,1,9,Missed Shot,Jump Shot,3PT Field Goal,Above the Break 3,Right Side Center(RC),24+ ft.,23,194,139,1,0
104,Shot Chart Detail,0021500214,90,2738,Andre Iguodala,1610612744,Golden State Warriors,1,2,13,Made Shot,Driving Finger Roll Layup Shot,2PT Field Goal,Restricted Area,Center(C),Less Than 8 ft.,2,4,21,1,1
105,Shot Chart Detail,0021500214,154,2738,Andre Iguodala,1610612744,Golden State Warriors,2,7,36,Made Shot,Jump Shot,2PT Field Goal,Mid-Range,Left Side Center(LC),16-24 ft.,18,-143,116,1,1
106,Shot Chart Detail,0021500214,224,2738,Andre Iguodala,1610612744,Golden State Warriors,2,0,9,Missed Shot,Jump Shot,3PT Field Goal,Above the Break 3,Left Side Center(LC),24+ ft.,26,-106,244,1,0
107,Shot Chart Detail,0021500214,309,2738,Andre Iguodala,1610612744,Golden State Warriors,3,4,48,Made Shot,Driving Dunk Shot,2PT Field Goal,Restricted Area,Center(C),Less Than 8 ft.,0,0,1,1,1
108,Shot Chart Detail,0021500236,147,2738,Andre Iguodala,1610612744,Golden State Warriors,2,10,6,Made Shot,Driving Dunk Shot,2PT Field Goal,Restricted Area,Center(C),Less Than 8 ft.,0,0,1,1,1
109,Shot Chart Detail,0021500236,181,2738,Andre Iguodala,1610612744,Golden State Warriors,2,7,41,Made Shot,Jump Shot,3PT Field Goal,Right Corner 3,Right Side(R),24+ ft.,22,228,-1,1,1
110,Shot Chart Detail,0021500236,310,2738,Andre Iguodala,1610612744,Golden State Warriors,3,8,16,Missed Shot,Jump Shot,2PT Field Goal,Mid-Range,Center(C),16-24 ft.,21,25,213,1,0
111,Shot Chart Detail,0021500236,323,2738,Andre Iguodala,1610612744,Golden State Warriors,3,7,15,Made Shot,Dunk Shot,2PT Field Goal,Restricted Area,Center(C),Less Than 8 ft.,0,0,1,1,1
112,Shot Chart Detail,0021500236,364,2738,Andre Iguodala,1610612744,Golden State Warriors,3,3,14,Made Shot,Running Dunk Shot,2PT Field Goal,Restricted Area,Center(C),Less Than 8 ft.,0,0,1,1,1
113,Shot Chart Detail,0021500236,407,2738,Andre Iguodala,1610612744,Golden State Warriors,3,0,23,Missed Shot,Jump Shot,3PT Field Goal,Above the Break 3,Right Side Center(RC),24+ ft.,25,212,139,1,0
114,Shot Chart Detail,0021500245,69,2738,Andre Iguodala,1610612744,Golden State Warriors,1,4,39,Made Shot,Pullup Jump shot,3PT Field Goal,Above the Break 3,Right Side Center(RC),24+ ft.,25,137,214,1,1
115,Shot Chart Detail,0021500245,165,2738,Andre Iguodala,1610612744,Golden State Warriors,2,7,47,Missed Shot,Pullup Jump shot,3PT Field Goal,Right Corner 3,Right Side(R),24+ ft.,22,225,47,1,0
116,Shot Chart Detail,0021500245,407,2738,Andre Iguodala,1610612744,Golden State Warriors,4,11,14,Made Shot,Pullup Jump shot,3PT Field Goal,Above the Break 3,Right Side Center(RC),24+ ft.,25,140,210,1,1
117,Shot Chart Detail,0021500245,459,2738,Andre Iguodala,1610612744,Golden State Warriors,4,6,53,Made Shot,Pullup Jump shot,3PT Field Goal,Above the Break 3,Left Side Center(LC),24+ ft.,26,-223,134,1,1
118,Shot Chart Detail,0021500268,124,2738,Andre Iguodala,1610612744,Golden State Warriors,1,0,2,Missed Shot,Jump Shot,3PT Field Goal,Right Corner 3,Right Side(R),24+ ft.,23,233,2,1,0
119,Shot Chart Detail,0021500268,146,2738,Andre Iguodala,1610612744,Golden State Warriors,2,9,28,Missed Shot,Layup Shot,2PT Field Goal,Restricted Area,Center(C),Less Than 8 ft.,0,4,8,1,0
120,Shot Chart Detail,0021500268,150,2738,Andre Iguodala,1610612744,Golden State Warriors,2,9,15,Made Shot,Jump Shot,3PT Field Goal,Right Corner 3,Right Side(R),24+ ft.,22,227,7,1,1
121,Shot Chart Detail,0021500268,394,2738,Andre Iguodala,1610612744,Golden State Warriors,4,10,2,Made Shot,Jump Shot,2PT Field Goal,Mid-Range,Left Side(L),16-24 ft.,18,-171,75,1,1
122,Shot Chart Detail,0021500268,399,2738,Andre Iguodala,1610612744,Golden State Warriors,4,8,48,Made Shot,Jump Shot,3PT Field Goal,Above the Break 3,Left Side Center(LC),24+ ft.,26,-163,210,1,1
123,Shot Chart Detail,0021500268,410,2738,Andre Iguodala,1610612744,Golden State Warriors,4,7,50,Missed Shot,Jump Shot,3PT Field Goal,Right Corner 3,Right Side(R),24+ ft.,23,227,57,1,0
124,Shot Chart Detail,0021500290,135,2738,Andre Iguodala,1610612744,Golden State Warriors,2,10,27,Missed Shot,Jump Shot,3PT Field Goal,Above the Break 3,Left Side Center(LC),24+ ft.,25,-189,170,1,0
125,Shot Chart Detail,0021500290,150,2738,Andre Iguodala,1610612744,Golden State Warriors,2,9,6,Missed Shot,Tip Dunk Shot,2PT Field Goal,Restricted Area,Center(C),Less Than 8 ft.,3,-22,26,1,0
126,Shot Chart Detail,0021500300,165,2738,Andre Iguodala,1610612744,Golden State Warriors,2,11,45,Missed Shot,Jump Shot,2PT Field Goal,In The Paint (Non-RA),Center(C),8-16 ft.,11,-54,105,1,0
127,Shot Chart Detail,0021500300,196,2738,Andre Iguodala,1610612744,Golden State Warriors,2,7,32,Missed Shot,Dunk Shot,2PT Field Goal,Restricted Area,Center(C),Less Than 8 ft.,0,0,1,1,0
128,Shot Chart Detail,0021500300,208,2738,Andre Iguodala,1610612744,Golden State Warriors,2,6,21,Made Shot,Dunk Shot,2PT Field Goal,Restricted Area,Center(C),Less Than 8 ft.,0,0,1,1,1
129,Shot Chart Detail,0021500300,280,2738,Andre Iguodala,1610612744,Golden State Warriors,2,0,0,Missed Shot,Jump Shot,3PT Field Goal,Above the Break 3,Center(C),24+ ft.,34,84,331,1,0
130,Shot Chart Detail,0021500300,356,2738,Andre Iguodala,1610612744,Golden State Warriors,3,5,19,Missed Shot,Jump Shot,3PT Field Goal,Above the Break 3,Left Side Center(LC),24+ ft.,24,-194,156,1,0
131,Shot Chart Detail,0021500300,443,2738,Andre Iguodala,1610612744,Golden State Warriors,4,8,32,Made Shot,Jump Shot,2PT Field Goal,Mid-Range,Center(C),8-16 ft.,14,9,144,1,1
132,Shot Chart Detail,0021500300,453,2738,Andre Iguodala,1610612744,Golden State Warriors,4,7,46,Missed Shot,Jump Shot,3PT Field Goal,Above the Break 3,Left Side Center(LC),24+ ft.,24,-232,90,1,0
133,Shot Chart Detail,0021500300,464,2738,Andre Iguodala,1610612744,Golden State Warriors,4,6,22,Missed Shot,Jump Shot,3PT Field Goal,Left Corner 3,Left Side(L),24+ ft.,24,-227,80,1,0
134,Shot Chart Detail,0021500314,123,2738,Andre Iguodala,1610612744,Golden State Warriors,1,0,49,Made Shot,Driving Dunk Shot,2PT Field Goal,Restricted Area,Center(C),Less Than 8 ft.,0,0,1,1,1
135,Shot Chart Detail,0021500314,152,2738,Andre Iguodala,1610612744,Golden State Warriors,2,10,37,Made Shot,Layup Shot,2PT Field Goal,Restricted Area,Center(C),Less Than 8 ft.,0,-6,-5,1,1
136,Shot Chart Detail,0021500314,172,2738,Andre Iguodala,1610612744,Golden State Warriors,2,8,47,Made Shot,Jump Shot,2PT Field Goal,Mid-Range,Left Side(L),16-24 ft.,18,-150,101,1,1
137,Shot Chart Detail,0021500314,406,2738,Andre Iguodala,1610612744,Golden State Warriors,4,9,20,Missed Shot,Jump Shot,2PT Field Goal,Mid-Range,Left Side(L),8-16 ft.,12,-102,80,1,0
138,Shot Chart Detail,0021500336,70,2738,Andre Iguodala,1610612744,Golden State Warriors,1,4,13,Missed Shot,Jump Shot,3PT Field Goal,Left Corner 3,Left Side(L),24+ ft.,22,-225,16,1,0
139,Shot Chart Detail,0021500336,103,2738,Andre Iguodala,1610612744,Golden State Warriors,1,1,47,Made Shot,Running Dunk Shot,2PT Field Goal,Restricted Area,Center(C),Less Than 8 ft.,0,0,1,1,1
140,Shot Chart Detail,0021500336,135,2738,Andre Iguodala,1610612744,Golden State Warriors,2,11,6,Missed Shot,Jump Shot,3PT Field Goal,Above the Break 3,Right Side Center(RC),24+ ft.,24,177,175,1,0
141,Shot Chart Detail,0021500336,439,2738,Andre Iguodala,1610612744,Golden State Warriors,4,10,17,Missed Shot,Jump Shot,3PT Field Goal,Above the Break 3,Right Side Center(RC),24+ ft.,25,197,169,1,0
142,Shot Chart Detail,0021500336,455,2738,Andre Iguodala,1610612744,Golden State Warriors,4,8,59,Missed Shot,Jump Shot,2PT Field Goal,Mid-Range,Right Side Center(RC),16-24 ft.,20,138,154,1,0
143,Shot Chart Detail,0021500336,479,2738,Andre Iguodala,1610612744,Golden State Warriors,4,6,56,Made Shot,Cutting Dunk Shot,2PT Field Goal,Restricted Area,Center(C),Less Than 8 ft.,0,0,1,1,1
144,Shot Chart Detail,0021500336,542,2738,Andre Iguodala,1610612744,Golden State Warriors,4,1,48,Missed Shot,Jump Shot,2PT Field Goal,Restricted Area,Center(C),Less Than 8 ft.,3,-9,38,1,0
145,Shot Chart Detail,0021500336,609,2738,Andre Iguodala,1610612744,Golden State Warriors,5,3,2,Made Shot,Jump Shot,3PT Field Goal,Left Corner 3,Left Side(L),24+ ft.,24,-235,80,1,1
146,Shot Chart Detail,0021500336,612,2738,Andre Iguodala,1610612744,Golden State Warriors,5,2,20,Missed Shot,Layup Shot,2PT Field Goal,Restricted Area,Center(C),Less Than 8 ft.,2,27,8,1,0
147,Shot Chart Detail,0021500336,616,2738,Andre Iguodala,1610612744,Golden State Warriors,5,2,5,Missed Shot,Jump Shot,2PT Field Goal,Mid-Range,Left Side(L),8-16 ft.,13,-109,82,1,0
148,Shot Chart Detail,0021500336,655,2738,Andre Iguodala,1610612744,Golden State Warriors,6,4,1,Made Shot,Driving Reverse Layup Shot,2PT Field Goal,Restricted Area,Center(C),Less Than 8 ft.,0,-2,7,1,1
149,Shot Chart Detail,0021500336,668,2738,Andre Iguodala,1610612744,Golden State Warriors,6,2,53,Made Shot,Putback Layup Shot,2PT Field Goal,Restricted Area,Center(C),Less Than 8 ft.,1,9,7,1,1
150,Shot Chart Detail,0021500351,98,2738,Andre Iguodala,1610612744,Golden State Warriors,1,2,18,Missed Shot,Jump Shot,3PT Field Goal,Above the Break 3,Left Side Center(LC),24+ ft.,27,-215,170,1,0
151,Shot Chart Detail,0021500351,143,2738,Andre Iguodala,1610612744,Golden State Warriors,2,11,14,Missed Shot,Jump Shot,3PT Field Goal,Left Corner 3,Left Side(L),24+ ft.,24,-244,-6,1,0
152,Shot Chart Detail,0021500351,238,2738,Andre Iguodala,1610612744,Golden State Warriors,2,2,45,Missed Shot,Layup Shot,2PT Field Goal,Restricted Area,Center(C),Less Than 8 ft.,1,-7,11,1,0
153,Shot Chart Detail,0021500351,255,2738,Andre Iguodala,1610612744,Golden State Warriors,2,0,52,Made Shot,Running Layup Shot,2PT Field Goal,Restricted Area,Center(C),Less Than 8 ft.,0,-4,2,1,1
154,Shot Chart Detail,0021500351,425,2738,Andre Iguodala,1610612744,Golden State Warriors,3,0,35,Missed Shot,Turnaround Jump Shot,2PT Field Goal,In The Paint (Non-RA),Center(C),8-16 ft.,14,55,134,1,0
155,Shot Chart Detail,0021500351,437,2738,Andre Iguodala,1610612744,Golden State Warriors,4,11,42,Missed Shot,Layup Shot,2PT Field Goal,Restricted Area,Center(C),Less Than 8 ft.,1,-12,3,1,0
156,Shot Chart Detail,0021500351,446,2738,Andre Iguodala,1610612744,Golden State Warriors,4,11,0,Missed Shot,Jump Shot,2PT Field Goal,Mid-Range,Right Side Center(RC),16-24 ft.,19,60,183,1,0
157,Shot Chart Detail,0021500351,455,2738,Andre Iguodala,1610612744,Golden State Warriors,4,9,59,Missed Shot,Jump Shot,3PT Field Goal,Above the Break 3,Left Side Center(LC),24+ ft.,27,-243,120,1,0
158,Shot Chart Detail,0021500351,540,2738,Andre Iguodala,1610612744,Golden State Warriors,4,1,20,Missed Shot,Jump Shot,3PT Field Goal,Above the Break 3,Left Side Center(LC),24+ ft.,26,-181,190,1,0
159,Shot Chart Detail,0021500381,85,2738,Andre Iguodala,1610612744,Golden State Warriors,1,3,3,Missed Shot,Jump Shot,3PT Field Goal,Right Corner 3,Right Side(R),24+ ft.,23,232,43,1,0
160,Shot Chart Detail,0021500381,153,2738,Andre Iguodala,1610612744,Golden State Warriors,2,11,4,Missed Shot,Layup Shot,2PT Field Goal,Restricted Area,Center(C),Less Than 8 ft.,1,15,9,1,0
161,Shot Chart Detail,0021500381,438,2738,Andre Iguodala,1610612744,Golden State Warriors,4,7,2,Made Shot,Turnaround Bank shot,2PT Field Goal,In The Paint (Non-RA),Center(C),Less Than 8 ft.,7,-11,75,1,1
162,Shot Chart Detail,0021500381,443,2738,Andre Iguodala,1610612744,Golden State Warriors,4,6,38,Made Shot,Driving Layup Shot,2PT Field Goal,Restricted Area,Center(C),Less Than 8 ft.,2,20,7,1,1
163,Shot Chart Detail,0021500397,107,2738,Andre Iguodala,1610612744,Golden State Warriors,1,2,15,Missed Shot,Jump Shot,3PT Field Goal,Right Corner 3,Right Side(R),24+ ft.,23,230,65,1,0
164,Shot Chart Detail,0021500397,194,2738,Andre Iguodala,1610612744,Golden State Warriors,2,7,45,Missed Shot,Jump Shot,3PT Field Goal,Above the Break 3,Right Side Center(RC),24+ ft.,24,155,193,1,0
165,Shot Chart Detail,0021500397,394,2738,Andre Iguodala,1610612744,Golden State Warriors,3,0,47,Missed Shot,Driving Reverse Layup Shot,2PT Field Goal,Restricted Area,Center(C),Less Than 8 ft.,2,20,7,1,0
166,Shot Chart Detail,0021500397,429,2738,Andre Iguodala,1610612744,Golden State Warriors,4,10,17,Missed Shot,Layup Shot,2PT Field Goal,Restricted Area,Center(C),Less Than 8 ft.,2,-9,21,1,0
167,Shot Chart Detail,0021500397,529,2738,Andre Iguodala,1610612744,Golden State Warriors,4,1,21,Made Shot,Pullup Jump shot,3PT Field Goal,Left Corner 3,Left Side(L),24+ ft.,23,-232,16,1,1
168,Shot Chart Detail,0021500434,88,2738,Andre Iguodala,1610612744,Golden State Warriors,1,1,40,Missed Shot,Jump Shot,2PT Field Goal,Mid-Range,Center(C),16-24 ft.,17,-45,164,1,0
169,Shot Chart Detail,0021500434,111,2738,Andre Iguodala,1610612744,Golden State Warriors,2,11,51,Made Shot,Pullup Jump shot,3PT Field Goal,Right Corner 3,Right Side(R),24+ ft.,22,227,-11,1,1
170,Shot Chart Detail,0021500434,306,2738,Andre Iguodala,1610612744,Golden State Warriors,3,3,26,Made Shot,Driving Bank shot,2PT Field Goal,Restricted Area,Center(C),Less Than 8 ft.,3,-24,31,1,1
171,Shot Chart Detail,0021500434,441,2738,Andre Iguodala,1610612744,Golden State Warriors,4,2,32,Missed Shot,Jump Shot,2PT Field Goal,Mid-Range,Left Side(L),8-16 ft.,15,-156,8,1,0
172,Shot Chart Detail,0021500434,457,2738,Andre Iguodala,1610612744,Golden State Warriors,4,1,13,Made Shot,Pullup Jump shot,2PT Field Goal,Mid-Range,Right Side Center(RC),16-24 ft.,19,138,136,1,1
173,Shot Chart Detail,0021500438,83,2738,Andre Iguodala,1610612744,Golden State Warriors,1,3,43,Missed Shot,Jump Shot,3PT Field Goal,Above the Break 3,Right Side Center(RC),24+ ft.,24,192,146,1,0
174,Shot Chart Detail,0021500438,144,2738,Andre Iguodala,1610612744,Golden State Warriors,2,10,36,Made Shot,Pullup Jump shot,3PT Field Goal,Above the Break 3,Left Side Center(LC),24+ ft.,26,-135,229,1,1
175,Shot Chart Detail,0021500438,163,2738,Andre Iguodala,1610612744,Golden State Warriors,2,8,58,Missed Shot,Pullup Jump shot,3PT Field Goal,Above the Break 3,Right Side Center(RC),24+ ft.,24,119,214,1,0
176,Shot Chart Detail,0021500438,242,2738,Andre Iguodala,1610612744,Golden State Warriors,2,2,25,Missed Shot,Jump Shot,3PT Field Goal,Right Corner 3,Right Side(R),24+ ft.,22,227,7,1,0
177,Shot Chart Detail,0021500438,387,2738,Andre Iguodala,1610612744,Golden State Warriors,3,0,42,Missed Shot,Pullup Jump shot,2PT Field Goal,Mid-Range,Right Side Center(RC),16-24 ft.,19,148,120,1,0
178,Shot Chart Detail,0021500438,421,2738,Andre Iguodala,1610612744,Golden State Warriors,4,9,31,Missed Shot,Pullup Jump shot,3PT Field Goal,Above the Break 3,Right Side Center(RC),24+ ft.,25,187,169,1,0
179,Shot Chart Detail,0021500468,164,2738,Andre Iguodala,1610612744,Golden State Warriors,2,11,18,Missed Shot,Jump Shot,3PT Field Goal,Above the Break 3,Left Side Center(LC),24+ ft.,26,-212,165,1,0
180,Shot Chart Detail,0021500468,439,2738,Andre Iguodala,1610612744,Golden State Warriors,4,11,34,Missed Shot,Jump Shot,3PT Field Goal,Above the Break 3,Right Side Center(RC),24+ ft.,27,153,223,1,0
181,Shot Chart Detail,0021500480,81,2738,Andre Iguodala,1610612744,Golden State Warriors,1,2,24,Made Shot,Jump Shot,2PT Field Goal,Mid-Range,Right Side(R),16-24 ft.,18,181,11,1,1
182,Shot Chart Detail,0021500480,114,2738,Andre Iguodala,1610612744,Golden State Warriors,2,10,41,Missed Shot,Turnaround Fadeaway shot,2PT Field Goal,Mid-Range,Left Side(L),8-16 ft.,15,-148,41,1,0
183,Shot Chart Detail,0021500480,147,2738,Andre Iguodala,1610612744,Golden State Warriors,2,7,22,Missed Shot,Jump Shot,2PT Field Goal,Mid-Range,Right Side(R),16-24 ft.,19,164,100,1,0
184,Shot Chart Detail,0021500480,309,2738,Andre Iguodala,1610612744,Golden State Warriors,3,5,33,Made Shot,Cutting Dunk Shot,2PT Field Goal,Restricted Area,Center(C),Less Than 8 ft.,0,0,1,1,1
185,Shot Chart Detail,0021500480,311,2738,Andre Iguodala,1610612744,Golden State Warriors,3,4,44,Made Shot,Jump Shot,3PT Field Goal,Left Corner 3,Left Side(L),24+ ft.,22,-228,3,1,1
186,Shot Chart Detail,0021500480,313,2738,Andre Iguodala,1610612744,Golden State Warriors,3,4,18,Made Shot,Driving Layup Shot,2PT Field Goal,Restricted Area,Center(C),Less Than 8 ft.,1,19,-1,1,1
187,Shot Chart Detail,0021500480,380,2738,Andre Iguodala,1610612744,Golden State Warriors,4,11,41,Missed Shot,Driving Finger Roll Layup Shot,2PT Field Goal,Restricted Area,Center(C),Less Than 8 ft.,1,10,0,1,0
188,Shot Chart Detail,0021500485,159,2738,Andre Iguodala,1610612744,Golden State Warriors,2,11,9,Made Shot,Cutting Layup Shot,2PT Field Goal,Restricted Area,Center(C),Less Than 8 ft.,1,-2,-11,1,1
189,Shot Chart Detail,0021500485,375,2738,Andre Iguodala,1610612744,Golden State Warriors,3,5,13,Made Shot,Tip Layup Shot,2PT Field Goal,Restricted Area,Center(C),Less Than 8 ft.,0,-7,-6,1,1
190,Shot Chart Detail,0021500485,379,2738,Andre Iguodala,1610612744,Golden State Warriors,3,4,51,Made Shot,Dunk Shot,2PT Field Goal,Restricted Area,Center(C),Less Than 8 ft.,0,0,1,1,1
191,Shot Chart Detail,0021500485,427,2738,Andre Iguodala,1610612744,Golden State Warriors,3,1,6,Made Shot,Jump Shot,3PT Field Goal,Above the Break 3,Right Side Center(RC),24+ ft.,24,161,183,1,1
192,Shot Chart Detail,0021500485,471,2738,Andre Iguodala,1610612744,Golden State Warriors,4,11,8,Made Shot,Jump Shot,3PT Field Goal,Left Corner 3,Left Side(L),24+ ft.,23,-235,21,1,1
193,Shot Chart Detail,0021500485,533,2738,Andre Iguodala,1610612744,Golden State Warriors,4,5,10,Missed Shot,Jump Shot,3PT Field Goal,Above the Break 3,Right Side Center(RC),24+ ft.,25,222,115,1,0
194,Shot Chart Detail,0021500485,546,2738,Andre Iguodala,1610612744,Golden State Warriors,4,3,34,Made Shot,Running Layup Shot,2PT Field Goal,Restricted Area,Center(C),Less Than 8 ft.,0,-1,-1,1,1
195,Shot Chart Detail,0021500504,2,2738,Andre Iguodala,1610612744,Golden State Warriors,1,11,47,Made Shot,Alley Oop Dunk Shot,2PT Field Goal,Restricted Area,Center(C),Less Than 8 ft.,0,0,1,1,1
196,Shot Chart Detail,0021500504,28,2738,Andre Iguodala,1610612744,Golden State Warriors,1,8,8,Made Shot,Pullup Jump shot,3PT Field Goal,Left Corner 3,Left Side(L),24+ ft.,22,-228,7,1,1
197,Shot Chart Detail,0021500504,150,2738,Andre Iguodala,1610612744,Golden State Warriors,2,10,9,Made Shot,Turnaround Jump Shot,2PT Field Goal,Mid-Range,Right Side Center(RC),16-24 ft.,16,105,129,1,1
198,Shot Chart Detail,0021500504,214,2738,Andre Iguodala,1610612744,Golden State Warriors,2,3,43,Made Shot,Driving Dunk Shot,2PT Field Goal,Restricted Area,Center(C),Less Than 8 ft.,0,0,1,1,1
199,Shot Chart Detail,0021500504,347,2738,Andre Iguodala,1610612744,Golden State Warriors,3,5,44,Missed Shot,Pullup Jump shot,3PT Field Goal,Above the Break 3,Center(C),24+ ft.,24,-25,242,1,0
200,Shot Chart Detail,0021500504,405,2738,Andre Iguodala,1610612744,Golden State Warriors,4,11,28,Missed Shot,Jump Shot,2PT Field Goal,Mid-Range,Right Side Center(RC),16-24 ft.,19,109,164,1,0
201,Shot Chart Detail,0021500504,458,2738,Andre Iguodala,1610612744,Golden State Warriors,4,4,23,Missed Shot,Jump Shot,2PT Field Goal,Mid-Range,Right Side Center(RC),16-24 ft.,16,96,129,1,0
202,Shot Chart Detail,0021500504,499,2738,Andre Iguodala,1610612744,Golden State Warriors,4,0,9,Missed Shot,Jump Shot,2PT Field Goal,Mid-Range,Right Side Center(RC),16-24 ft.,16,125,115,1,0
203,Shot Chart Detail,0021500520,58,2738,Andre Iguodala,1610612744,Golden State Warriors,1,5,11,Missed Shot,Jump Shot,3PT Field Goal,Left Corner 3,Left Side(L),24+ ft.,23,-232,16,1,0
204,Shot Chart Detail,0021500520,305,2738,Andre Iguodala,1610612744,Golden State Warriors,3,3,1,Missed Shot,Jump Shot,3PT Field Goal,Left Corner 3,Left Side(L),24+ ft.,23,-235,-6,1,0
205,Shot Chart Detail,0021500520,318,2738,Andre Iguodala,1610612744,Golden State Warriors,3,1,36,Missed Shot,Jump Shot,3PT Field Goal,Above the Break 3,Right Side Center(RC),24+ ft.,26,207,159,1,0
206,Shot Chart Detail,0021500524,135,2738,Andre Iguodala,1610612744,Golden State Warriors,1,0,20,Made Shot,Driving Dunk Shot,2PT Field Goal,Restricted Area,Center(C),Less Than 8 ft.,0,0,1,1,1
207,Shot Chart Detail,0021500524,158,2738,Andre Iguodala,1610612744,Golden State Warriors,2,10,8,Missed Shot,Jump Shot,2PT Field Goal,In The Paint (Non-RA),Center(C),8-16 ft.,9,30,90,1,0
208,Shot Chart Detail,0021500524,185,2738,Andre Iguodala,1610612744,Golden State Warriors,2,7,49,Made Shot,Pullup Jump shot,2PT Field Goal,Mid-Range,Right Side Center(RC),16-24 ft.,19,156,121,1,1
209,Shot Chart Detail,0021500548,428,2738,Andre Iguodala,1610612744,Golden State Warriors,4,11,6,Missed Shot,Driving Floating Jump Shot,2PT Field Goal,In The Paint (Non-RA),Center(C),Less Than 8 ft.,5,-34,46,1,0
210,Shot Chart Detail,0021500556,127,2738,Andre Iguodala,1610612744,Golden State Warriors,2,11,13,Missed Shot,Jump Shot,3PT Field Goal,Above the Break 3,Center(C),24+ ft.,24,-11,242,1,0
211,Shot Chart Detail,0021500556,159,2738,Andre Iguodala,1610612744,Golden State Warriors,2,8,41,Made Shot,Jump Shot,3PT Field Goal,Right Corner 3,Right Side(R),24+ ft.,23,230,23,1,1
212,Shot Chart Detail,0021500556,371,2738,Andre Iguodala,1610612744,Golden State Warriors,3,3,40,Made Shot,Dunk Shot,2PT Field Goal,Restricted Area,Center(C),Less Than 8 ft.,0,0,1,1,1
213,Shot Chart Detail,0021500556,383,2738,Andre Iguodala,1610612744,Golden State Warriors,3,2,32,Made Shot,Layup Shot,2PT Field Goal,Restricted Area,Center(C),Less Than 8 ft.,1,9,11,1,1
214,Shot Chart Detail,0021500556,424,2738,Andre Iguodala,1610612744,Golden State Warriors,4,11,28,Missed Shot,Jump Shot,2PT Field Goal,Mid-Range,Right Side(R),8-16 ft.,12,99,75,1,0
215,Shot Chart Detail,0021500556,435,2738,Andre Iguodala,1610612744,Golden State Warriors,4,10,27,Missed Shot,Jump Shot,3PT Field Goal,Above the Break 3,Left Side Center(LC),24+ ft.,24,-168,183,1,0
216,Shot Chart Detail,0021500556,440,2738,Andre Iguodala,1610612744,Golden State Warriors,4,9,13,Made Shot,Jump Shot,2PT Field Goal,Mid-Range,Right Side(R),8-16 ft.,13,99,90,1,1
217,Shot Chart Detail,0021500556,457,2738,Andre Iguodala,1610612744,Golden State Warriors,4,8,18,Made Shot,Driving Dunk Shot,2PT Field Goal,Restricted Area,Center(C),Less Than 8 ft.,0,0,1,1,1
218,Shot Chart Detail,0021500556,459,2738,Andre Iguodala,1610612744,Golden State Warriors,4,7,33,Missed Shot,Jump Shot,3PT Field Goal,Left Corner 3,Left Side(L),24+ ft.,24,-235,56,1,0
219,Shot Chart Detail,0021500556,537,2738,Andre Iguodala,1610612744,Golden State Warriors,4,2,13,Made Shot,Dunk Shot,2PT Field Goal,Restricted Area,Center(C),Less Than 8 ft.,0,0,1,1,1
220,Shot Chart Detail,0021500568,126,2738,Andre Iguodala,1610612744,Golden State Warriors,2,11,14,Missed Shot,Jump Shot,3PT Field Goal,Above the Break 3,Left Side Center(LC),24+ ft.,26,-135,228,1,0
221,Shot Chart Detail,0021500568,351,2738,Andre Iguodala,1610612744,Golden State Warriors,3,3,33,Made Shot,Driving Finger Roll Layup Shot,2PT Field Goal,Restricted Area,Center(C),Less Than 8 ft.,2,9,28,1,1
222,Shot Chart Detail,0021500568,423,2738,Andre Iguodala,1610612744,Golden State Warriors,4,8,37,Made Shot,Alley Oop Dunk Shot,2PT Field Goal,Restricted Area,Center(C),Less Than 8 ft.,0,0,1,1,1
223,Shot Chart Detail,0021500568,437,2738,Andre Iguodala,1610612744,Golden State Warriors,4,6,40,Made Shot,Pullup Jump shot,3PT Field Goal,Left Corner 3,Left Side(L),24+ ft.,23,-232,8,1,1
224,Shot Chart Detail,0021500583,166,2738,Andre Iguodala,1610612744,Golden State Warriors,2,11,25,Made Shot,Jump Shot,2PT Field Goal,Mid-Range,Right Side(R),16-24 ft.,19,168,100,1,1
225,Shot Chart Detail,0021500583,197,2738,Andre Iguodala,1610612744,Golden State Warriors,2,8,50,Missed Shot,Jump Shot,3PT Field Goal,Right Corner 3,Right Side(R),24+ ft.,24,243,36,1,0
226,Shot Chart Detail,0021500583,366,2738,Andre Iguodala,1610612744,Golden State Warriors,3,3,35,Missed Shot,Jump Shot,3PT Field Goal,Above the Break 3,Left Side Center(LC),24+ ft.,26,-140,223,1,0
227,Shot Chart Detail,0021500583,429,2738,Andre Iguodala,1610612744,Golden State Warriors,4,11,39,Made Shot,Jump Shot,2PT Field Goal,In The Paint (Non-RA),Center(C),Less Than 8 ft.,4,-14,46,1,1
228,Shot Chart Detail,0021500583,449,2738,Andre Iguodala,1610612744,Golden State Warriors,4,10,2,Missed Shot,Jump Shot,2PT Field Goal,Mid-Range,Right Side(R),16-24 ft.,18,161,100,1,0
229,Shot Chart Detail,0021500592,119,2738,Andre Iguodala,1610612744,Golden State Warriors,1,1,9,Missed Shot,Jump Shot,3PT Field Goal,Above the Break 3,Right Side Center(RC),24+ ft.,26,150,214,1,0
230,Shot Chart Detail,0021500592,149,2738,Andre Iguodala,1610612744,Golden State Warriors,2,10,35,Missed Shot,Pullup Jump shot,3PT Field Goal,Above the Break 3,Right Side Center(RC),24+ ft.,25,117,223,1,0
231,Shot Chart Detail,0021500592,160,2738,Andre Iguodala,1610612744,Golden State Warriors,2,9,47,Missed Shot,Jump Shot,2PT Field Goal,Mid-Range,Center(C),16-24 ft.,16,4,164,1,0
232,Shot Chart Detail,0021500605,101,2738,Andre Iguodala,1610612744,Golden State Warriors,1,2,15,Missed Shot,Driving Layup Shot,2PT Field Goal,Restricted Area,Center(C),Less Than 8 ft.,0,-2,-6,1,0
233,Shot Chart Detail,0021500605,429,2738,Andre Iguodala,1610612744,Golden State Warriors,4,10,49,Missed Shot,Jump Bank Shot,2PT Field Goal,In The Paint (Non-RA),Center(C),Less Than 8 ft.,7,76,13,1,0
234,Shot Chart Detail,0021500605,472,2738,Andre Iguodala,1610612744,Golden State Warriors,4,7,22,Missed Shot,Layup Shot,2PT Field Goal,Restricted Area,Center(C),Less Than 8 ft.,0,-2,-1,1,0
235,Shot Chart Detail,0021500622,57,2738,Andre Iguodala,1610612744,Golden State Warriors,1,5,0,Made Shot,Jump Shot,3PT Field Goal,Right Corner 3,Right Side(R),24+ ft.,22,228,-10,1,1
236,Shot Chart Detail,0021500622,118,2738,Andre Iguodala,1610612744,Golden State Warriors,2,10,32,Made Shot,Running Dunk Shot,2PT Field Goal,Restricted Area,Center(C),Less Than 8 ft.,0,0,1,1,1
237,Shot Chart Detail,0021500622,150,2738,Andre Iguodala,1610612744,Golden State Warriors,2,7,12,Made Shot,Dunk Shot,2PT Field Goal,Restricted Area,Center(C),Less Than 8 ft.,0,0,1,1,1
238,Shot Chart Detail,0021500622,166,2738,Andre Iguodala,1610612744,Golden State Warriors,2,5,53,Made Shot,Running Dunk Shot,2PT Field Goal,Restricted Area,Center(C),Less Than 8 ft.,0,0,1,1,1
239,Shot Chart Detail,0021500622,331,2738,Andre Iguodala,1610612744,Golden State Warriors,3,5,30,Missed Shot,Jump Shot,3PT Field Goal,Right Corner 3,Right Side(R),24+ ft.,22,223,41,1,0
240,Shot Chart Detail,0021500622,387,2738,Andre Iguodala,1610612744,Golden State Warriors,3,2,11,Made Shot,Jump Shot,3PT Field Goal,Left Corner 3,Left Side(L),24+ ft.,23,-237,-6,1,1
241,Shot Chart Detail,0021500622,414,2738,Andre Iguodala,1610612744,Golden State Warriors,4,11,10,Made Shot,Jump Shot,3PT Field Goal,Above the Break 3,Right Side Center(RC),24+ ft.,24,99,219,1,1
242,Shot Chart Detail,0021500622,416,2738,Andre Iguodala,1610612744,Golden State Warriors,4,10,42,Made Shot,Jump Shot,3PT Field Goal,Above the Break 3,Right Side Center(RC),24+ ft.,24,155,190,1,1
243,Shot Chart Detail,0021500634,120,2738,Andre Iguodala,1610612744,Golden State Warriors,1,0,1,Made Shot,Jump Shot,3PT Field Goal,Above the Break 3,Right Side Center(RC),24+ ft.,25,104,237,1,1
244,Shot Chart Detail,0021500634,156,2738,Andre Iguodala,1610612744,Golden State Warriors,2,8,52,Missed Shot,Jump Shot,3PT Field Goal,Above the Break 3,Right Side Center(RC),24+ ft.,24,181,164,1,0
245,Shot Chart Detail,0021500634,227,2738,Andre Iguodala,1610612744,Golden State Warriors,2,3,28,Made Shot,Jump Shot,3PT Field Goal,Left Corner 3,Left Side(L),24+ ft.,23,-235,-31,1,1
246,Shot Chart Detail,0021500634,259,2738,Andre Iguodala,1610612744,Golden State Warriors,2,1,18,Missed Shot,Driving Reverse Layup Shot,2PT Field Goal,Restricted Area,Center(C),Less Than 8 ft.,1,-14,3,1,0
247,Shot Chart Detail,0021500634,268,2738,Andre Iguodala,1610612744,Golden State Warriors,2,0,22,Made Shot,Driving Reverse Dunk Shot,2PT Field Goal,Restricted Area,Center(C),Less Than 8 ft.,0,0,1,1,1
248,Shot Chart Detail,0021500634,388,2738,Andre Iguodala,1610612744,Golden State Warriors,3,1,43,Made Shot,Running Alley Oop Dunk Shot,2PT Field Goal,Restricted Area,Center(C),Less Than 8 ft.,0,0,1,1,1
249,Shot Chart Detail,0021500634,410,2738,Andre Iguodala,1610612744,Golden State Warriors,3,0,0,Missed Shot,Jump Shot,3PT Field Goal,Above the Break 3,Left Side Center(LC),24+ ft.,41,-187,370,1,0
250,Shot Chart Detail,0021500652,60,2738,Andre Iguodala,1610612744,Golden State Warriors,1,5,41,Made Shot,Running Dunk Shot,2PT Field Goal,Restricted Area,Center(C),Less Than 8 ft.,0,0,1,1,1
251,Shot Chart Detail,0021500652,114,2738,Andre Iguodala,1610612744,Golden State Warriors,1,0,58,Missed Shot,Jump Shot,3PT Field Goal,Above the Break 3,Left Side Center(LC),24+ ft.,26,-207,164,1,0
252,Shot Chart Detail,0021500652,235,2738,Andre Iguodala,1610612744,Golden State Warriors,2,3,20,Made Shot,Jump Shot,3PT Field Goal,Right Corner 3,Right Side(R),24+ ft.,23,230,2,1,1
253,Shot Chart Detail,0021500652,239,2738,Andre Iguodala,1610612744,Golden State Warriors,2,2,36,Made Shot,Dunk Shot,2PT Field Goal,Restricted Area,Center(C),Less Than 8 ft.,0,0,1,1,1
254,Shot Chart Detail,0021500652,264,2738,Andre Iguodala,1610612744,Golden State Warriors,2,0,41,Missed Shot,Jump Shot,3PT Field Goal,Above the Break 3,Center(C),24+ ft.,24,24,244,1,0
255,Shot Chart Detail,0021500652,414,2738,Andre Iguodala,1610612744,Golden State Warriors,3,0,0,Made Shot,Layup Shot,2PT Field Goal,Restricted Area,Center(C),Less Than 8 ft.,0,-9,0,1,1
256,Shot Chart Detail,0021500652,424,2738,Andre Iguodala,1610612744,Golden State Warriors,4,10,49,Missed Shot,Jump Shot,3PT Field Goal,Above the Break 3,Right Side Center(RC),24+ ft.,24,89,228,1,0
257,Shot Chart Detail,0021500652,475,2738,Andre Iguodala,1610612744,Golden State Warriors,4,7,9,Missed Shot,Jump Shot,2PT Field Goal,Mid-Range,Left Side Center(LC),16-24 ft.,17,-66,165,1,0
258,Shot Chart Detail,0021500675,56,2738,Andre Iguodala,1610612744,Golden State Warriors,1,5,50,Made Shot,Running Dunk Shot,2PT Field Goal,Restricted Area,Center(C),Less Than 8 ft.,0,0,1,1,1
259,Shot Chart Detail,0021500675,105,2738,Andre Iguodala,1610612744,Golden State Warriors,1,0,29,Made Shot,Fadeaway Bank shot,2PT Field Goal,In The Paint (Non-RA),Right Side(R),8-16 ft.,8,58,56,1,1
260,Shot Chart Detail,0021500675,383,2738,Andre Iguodala,1610612744,Golden State Warriors,3,1,51,Missed Shot,Jump Shot,3PT Field Goal,Right Corner 3,Right Side(R),24+ ft.,23,233,41,1,0
261,Shot Chart Detail,0021500675,468,2738,Andre Iguodala,1610612744,Golden State Warriors,4,7,11,Missed Shot,Tip Layup Shot,2PT Field Goal,Restricted Area,Center(C),Less Than 8 ft.,1,-10,5,1,0
262,Shot Chart Detail,0021500691,136,2738,Andre Iguodala,1610612744,Golden State Warriors,2,10,22,Made Shot,Alley Oop Layup shot,2PT Field Goal,Restricted Area,Center(C),Less Than 8 ft.,2,9,18,1,1
263,Shot Chart Detail,0021500691,138,2738,Andre Iguodala,1610612744,Golden State Warriors,2,9,40,Missed Shot,Jump Shot,2PT Field Goal,Mid-Range,Left Side(L),16-24 ft.,16,-142,90,1,0
264,Shot Chart Detail,0021500691,311,2738,Andre Iguodala,1610612744,Golden State Warriors,3,1,58,Made Shot,Putback Layup Shot,2PT Field Goal,Restricted Area,Center(C),Less Than 8 ft.,1,6,18,1,1
265,Shot Chart Detail,0021500691,350,2738,Andre Iguodala,1610612744,Golden State Warriors,4,10,32,Missed Shot,Fadeaway Jump Shot,2PT Field Goal,In The Paint (Non-RA),Right Side(R),8-16 ft.,10,71,75,1,0
266,Shot Chart Detail,0021500691,370,2738,Andre Iguodala,1610612744,Golden State Warriors,4,8,51,Missed Shot,Driving Layup Shot,2PT Field Goal,Restricted Area,Center(C),Less Than 8 ft.,2,-7,26,1,0
267,Shot Chart Detail,0021500691,384,2738,Andre Iguodala,1610612744,Golden State Warriors,4,7,11,Missed Shot,Jump Shot,3PT Field Goal,Right Corner 3,Right Side(R),24+ ft.,22,228,2,1,0
268,Shot Chart Detail,0021500718,335,2738,Andre Iguodala,1610612744,Golden State Warriors,3,4,40,Made Shot,Jump Shot,2PT Field Goal,Mid-Range,Right Side(R),8-16 ft.,12,97,85,1,1
269,Shot Chart Detail,0021500718,393,2738,Andre Iguodala,1610612744,Golden State Warriors,4,10,43,Made Shot,Jump Shot,3PT Field Goal,Above the Break 3,Center(C),24+ ft.,26,61,257,1,1
270,Shot Chart Detail,0021500739,74,2738,Andre Iguodala,1610612744,Golden State Warriors,1,4,21,Missed Shot,Jump Shot,3PT Field Goal,Above the Break 3,Right Side Center(RC),24+ ft.,26,120,232,1,0
271,Shot Chart Detail,0021500739,265,2738,Andre Iguodala,1610612744,Golden State Warriors,2,0,51,Missed Shot,Layup Shot,2PT Field Goal,Restricted Area,Center(C),Less Than 8 ft.,2,-22,-1,1,0
272,Shot Chart Detail,0021500739,267,2738,Andre Iguodala,1610612744,Golden State Warriors,2,0,48,Missed Shot,Layup Shot,2PT Field Goal,Restricted Area,Center(C),Less Than 8 ft.,1,-16,-11,1,0
273,Shot Chart Detail,0021500739,365,2738,Andre Iguodala,1610612744,Golden State Warriors,3,6,10,Made Shot,Jump Shot,3PT Field Goal,Above the Break 3,Right Side Center(RC),24+ ft.,24,140,203,1,1
274,Shot Chart Detail,0021500739,420,2738,Andre Iguodala,1610612744,Golden State Warriors,3,3,24,Made Shot,Jump Shot,3PT Field Goal,Above the Break 3,Right Side Center(RC),24+ ft.,27,212,174,1,1
275,Shot Chart Detail,0021500739,489,2738,Andre Iguodala,1610612744,Golden State Warriors,4,10,37,Missed Shot,Jump Shot,3PT Field Goal,Above the Break 3,Left Side Center(LC),24+ ft.,28,-119,254,1,0
276,Shot Chart Detail,0021500739,606,2738,Andre Iguodala,1610612744,Golden State Warriors,4,0,25,Made Shot,Dunk Shot,2PT Field Goal,Restricted Area,Center(C),Less Than 8 ft.,0,0,1,1,1
277,Shot Chart Detail,0021500769,141,2738,Andre Iguodala,1610612744,Golden State Warriors,2,10,30,Made Shot,Pullup Jump shot,2PT Field Goal,Mid-Range,Left Side Center(LC),16-24 ft.,19,-132,141,1,1
278,Shot Chart Detail,0021500769,189,2738,Andre Iguodala,1610612744,Golden State Warriors,2,6,53,Made Shot,Driving Reverse Dunk Shot,2PT Field Goal,Restricted Area,Center(C),Less Than 8 ft.,0,0,1,1,1
279,Shot Chart Detail,0021500769,239,2738,Andre Iguodala,1610612744,Golden State Warriors,2,2,46,Missed Shot,Pullup Jump shot,2PT Field Goal,Mid-Range,Left Side Center(LC),16-24 ft.,19,-142,136,1,0
280,Shot Chart Detail,0021500769,379,2738,Andre Iguodala,1610612744,Golden State Warriors,3,2,25,Made Shot,Pullup Jump shot,2PT Field Goal,Mid-Range,Left Side Center(LC),16-24 ft.,21,-165,134,1,1
281,Shot Chart Detail,0021500769,399,2738,Andre Iguodala,1610612744,Golden State Warriors,3,1,3,Missed Shot,Turnaround Fadeaway shot,2PT Field Goal,Mid-Range,Left Side Center(LC),16-24 ft.,16,-89,134,1,0
282,Shot Chart Detail,0021500769,552,2738,Andre Iguodala,1610612744,Golden State Warriors,4,0,16,Made Shot,Running Dunk Shot,2PT Field Goal,Restricted Area,Center(C),Less Than 8 ft.,0,0,1,1,1
283,Shot Chart Detail,0021500788,139,2738,Andre Iguodala,1610612744,Golden State Warriors,2,10,15,Missed Shot,Jump Shot,3PT Field Goal,Above the Break 3,Right Side Center(RC),24+ ft.,26,204,165,1,0
284,Shot Chart Detail,0021500788,165,2738,Andre Iguodala,1610612744,Golden State Warriors,2,7,56,Missed Shot,Pullup Jump shot,3PT Field Goal,Above the Break 3,Center(C),24+ ft.,24,20,247,1,0
285,Shot Chart Detail,0021500788,292,2738,Andre Iguodala,1610612744,Golden State Warriors,2,1,19,Missed Shot,Turnaround Hook Shot,2PT Field Goal,In The Paint (Non-RA),Center(C),Less Than 8 ft.,7,-16,77,1,0
286,Shot Chart Detail,0021500788,397,2738,Andre Iguodala,1610612744,Golden State Warriors,3,3,13,Made Shot,Floating Jump shot,2PT Field Goal,In The Paint (Non-RA),Center(C),8-16 ft.,12,48,111,1,1
287,Shot Chart Detail,0021500788,431,2738,Andre Iguodala,1610612744,Golden State Warriors,3,0,48,Made Shot,Pullup Jump shot,3PT Field Goal,Left Corner 3,Left Side(L),24+ ft.,23,-232,2,1,1
288,Shot Chart Detail,0021500788,441,2738,Andre Iguodala,1610612744,Golden State Warriors,4,11,43,Made Shot,Pullup Jump shot,3PT Field Goal,Above the Break 3,Center(C),24+ ft.,24,-6,249,1,1
289,Shot Chart Detail,0021500788,464,2738,Andre Iguodala,1610612744,Golden State Warriors,4,9,31,Missed Shot,Jump Shot,2PT Field Goal,Mid-Range,Left Side(L),16-24 ft.,18,-155,105,1,0
290,Shot Chart Detail,0021500788,551,2738,Andre Iguodala,1610612744,Golden State Warriors,4,2,56,Made Shot,Alley Oop Dunk Shot,2PT Field Goal,Restricted Area,Center(C),Less Than 8 ft.,0,0,1,1,1
291,Shot Chart Detail,0021500799,63,2738,Andre Iguodala,1610612744,Golden State Warriors,1,4,22,Missed Shot,Jump Shot,3PT Field Goal,Left Corner 3,Left Side(L),24+ ft.,23,-235,18,1,0
292,Shot Chart Detail,0021500799,151,2738,Andre Iguodala,1610612744,Golden State Warriors,2,9,37,Missed Shot,Driving Finger Roll Layup Shot,2PT Field Goal,Restricted Area,Center(C),Less Than 8 ft.,1,-19,3,1,0
293,Shot Chart Detail,0021500799,155,2738,Andre Iguodala,1610612744,Golden State Warriors,2,9,12,Missed Shot,Jump Shot,3PT Field Goal,Above the Break 3,Left Side Center(LC),24+ ft.,25,-184,178,1,0
294,Shot Chart Detail,0021500799,173,2738,Andre Iguodala,1610612744,Golden State Warriors,2,7,19,Missed Shot,Running Jump Shot,2PT Field Goal,In The Paint (Non-RA),Center(C),Less Than 8 ft.,4,-30,28,1,0
295,Shot Chart Detail,0021500799,398,2738,Andre Iguodala,1610612744,Golden State Warriors,3,0,17,Made Shot,Driving Finger Roll Layup Shot,2PT Field Goal,Restricted Area,Center(C),Less Than 8 ft.,2,-2,21,1,1
296,Shot Chart Detail,0021500815,87,2738,Andre Iguodala,1610612744,Golden State Warriors,1,2,47,Missed Shot,Pullup Jump shot,2PT Field Goal,Mid-Range,Right Side(R),16-24 ft.,17,177,16,1,0
297,Shot Chart Detail,0021500815,117,2738,Andre Iguodala,1610612744,Golden State Warriors,1,0,0,Missed Shot,Jump Shot,3PT Field Goal,Backcourt,Back Court(BC),Back Court Shot,47,-129,452,1,0
298,Shot Chart Detail,0021500815,233,2738,Andre Iguodala,1610612744,Golden State Warriors,2,1,15,Missed Shot,Driving Layup Shot,2PT Field Goal,Restricted Area,Center(C),Less Than 8 ft.,2,2,21,1,0
299,Shot Chart Detail,0021500815,236,2738,Andre Iguodala,1610612744,Golden State Warriors,2,1,7,Made Shot,Running Dunk Shot,2PT Field Goal,Restricted Area,Center(C),Less Than 8 ft.,0,0,1,1,1
300,Shot Chart Detail,0021500815,366,2738,Andre Iguodala,1610612744,Golden State Warriors,3,2,52,Missed Shot,Jump Shot,3PT Field Goal,Right Corner 3,Right Side(R),24+ ft.,22,223,8,1,0
301,Shot Chart Detail,0021500815,407,2738,Andre Iguodala,1610612744,Golden State Warriors,4,10,12,Missed Shot,Step Back Jump shot,3PT Field Goal,Right Corner 3,Right Side(R),24+ ft.,22,225,8,1,0
302,Shot Chart Detail,0021500822,79,2738,Andre Iguodala,1610612744,Golden State Warriors,1,3,1,Missed Shot,Jump Shot,3PT Field Goal,Above the Break 3,Right Side Center(RC),24+ ft.,25,91,237,1,0
303,Shot Chart Detail,0021500822,111,2738,Andre Iguodala,1610612744,Golden State Warriors,1,0,11,Missed Shot,Jump Shot,2PT Field Goal,In The Paint (Non-RA),Center(C),Less Than 8 ft.,4,-6,41,1,0
304,Shot Chart Detail,0021500822,125,2738,Andre Iguodala,1610612744,Golden State Warriors,2,11,41,Made Shot,Jump Shot,2PT Field Goal,Mid-Range,Right Side(R),16-24 ft.,19,182,61,1,1
305,Shot Chart Detail,0021500822,259,2738,Andre Iguodala,1610612744,Golden State Warriors,2,1,10,Made Shot,Jump Shot,3PT Field Goal,Above the Break 3,Left Side Center(LC),24+ ft.,26,-161,210,1,1
306,Shot Chart Detail,0021500822,264,2738,Andre Iguodala,1610612744,Golden State Warriors,2,0,8,Missed Shot,Jump Shot,3PT Field Goal,Above the Break 3,Center(C),24+ ft.,25,-20,257,1,0
307,Shot Chart Detail,0021500822,341,2738,Andre Iguodala,1610612744,Golden State Warriors,3,4,12,Made Shot,Driving Layup Shot,2PT Field Goal,Restricted Area,Center(C),Less Than 8 ft.,2,-20,11,1,1
308,Shot Chart Detail,0021500822,398,2738,Andre Iguodala,1610612744,Golden State Warriors,4,10,45,Missed Shot,Jump Shot,3PT Field Goal,Above the Break 3,Right Side Center(RC),24+ ft.,26,132,224,1,0
309,Shot Chart Detail,0021500822,475,2738,Andre Iguodala,1610612744,Golden State Warriors,4,3,2,Missed Shot,Jump Shot,3PT Field Goal,Above the Break 3,Left Side Center(LC),24+ ft.,28,-160,237,1,0
310,Shot Chart Detail,0021500822,481,2738,Andre Iguodala,1610612744,Golden State Warriors,4,2,27,Made Shot,Putback Dunk Shot,2PT Field Goal,Restricted Area,Center(C),Less Than 8 ft.,0,0,1,1,1
311,Shot Chart Detail,0021500836,76,2738,Andre Iguodala,1610612744,Golden State Warriors,1,3,4,Made Shot,Turnaround Jump Shot,2PT Field Goal,Mid-Range,Right Side(R),8-16 ft.,14,143,21,1,1
312,Shot Chart Detail,0021500836,79,2738,Andre Iguodala,1610612744,Golden State Warriors,1,2,35,Missed Shot,Step Back Jump shot,2PT Field Goal,Mid-Range,Right Side Center(RC),16-24 ft.,18,151,115,1,0
313,Shot Chart Detail,0021500836,88,2738,Andre Iguodala,1610612744,Golden State Warriors,1,2,10,Missed Shot,Jump Shot,3PT Field Goal,Right Corner 3,Right Side(R),24+ ft.,23,238,8,1,0
314,Shot Chart Detail,0021500836,90,2738,Andre Iguodala,1610612744,Golden State Warriors,1,1,53,Missed Shot,Jump Shot,3PT Field Goal,Right Corner 3,Right Side(R),24+ ft.,23,228,36,1,0
315,Shot Chart Detail,0021500836,143,2738,Andre Iguodala,1610612744,Golden State Warriors,2,8,1,Missed Shot,Jump Shot,2PT Field Goal,Mid-Range,Left Side(L),8-16 ft.,10,-84,65,1,0
316,Shot Chart Detail,0021500836,206,2738,Andre Iguodala,1610612744,Golden State Warriors,2,3,29,Missed Shot,Jump Shot,3PT Field Goal,Left Corner 3,Left Side(L),24+ ft.,23,-230,7,1,0
317,Shot Chart Detail,0021500836,210,2738,Andre Iguodala,1610612744,Golden State Warriors,2,2,59,Missed Shot,Jump Shot,3PT Field Goal,Left Corner 3,Left Side(L),24+ ft.,23,-232,18,1,0
318,Shot Chart Detail,0021500836,229,2738,Andre Iguodala,1610612744,Golden State Warriors,2,1,27,Made Shot,Cutting Layup Shot,2PT Field Goal,Restricted Area,Center(C),Less Than 8 ft.,1,19,-6,1,1
319,Shot Chart Detail,0021500836,357,2738,Andre Iguodala,1610612744,Golden State Warriors,3,4,19,Missed Shot,Jump Shot,3PT Field Goal,Left Corner 3,Left Side(L),24+ ft.,23,-230,11,1,0
320,Shot Chart Detail,0021500836,375,2738,Andre Iguodala,1610612744,Golden State Warriors,3,2,55,Missed Shot,Pullup Jump shot,2PT Field Goal,Mid-Range,Center(C),16-24 ft.,18,-56,174,1,0
321,Shot Chart Detail,0021500836,378,2738,Andre Iguodala,1610612744,Golden State Warriors,3,2,22,Made Shot,Alley Oop Dunk Shot,2PT Field Goal,Restricted Area,Center(C),Less Than 8 ft.,0,0,1,1,1
322,Shot Chart Detail,0021500836,390,2738,Andre Iguodala,1610612744,Golden State Warriors,3,0,35,Missed Shot,Jump Shot,3PT Field Goal,Right Corner 3,Right Side(R),24+ ft.,23,235,7,1,0
323,Shot Chart Detail,0021500848,111,2738,Andre Iguodala,1610612744,Golden State Warriors,1,1,52,Missed Shot,Step Back Jump shot,2PT Field Goal,Mid-Range,Center(C),8-16 ft.,14,0,149,1,0
324,Shot Chart Detail,0021500848,177,2738,Andre Iguodala,1610612744,Golden State Warriors,2,8,3,Made Shot,Jump Shot,2PT Field Goal,Mid-Range,Left Side(L),16-24 ft.,20,-197,46,1,1
325,Shot Chart Detail,0021500848,197,2738,Andre Iguodala,1610612744,Golden State Warriors,2,5,48,Made Shot,Jump Shot,3PT Field Goal,Left Corner 3,Left Side(L),24+ ft.,22,-227,-1,1,1
326,Shot Chart Detail,0021500848,382,2738,Andre Iguodala,1610612744,Golden State Warriors,3,2,39,Made Shot,Finger Roll Layup Shot,2PT Field Goal,Restricted Area,Center(C),Less Than 8 ft.,2,12,16,1,1
327,Shot Chart Detail,0021500848,523,2738,Andre Iguodala,1610612744,Golden State Warriors,4,1,58,Missed Shot,Jump Shot,3PT Field Goal,Above the Break 3,Right Side Center(RC),24+ ft.,25,195,160,1,0
328,Shot Chart Detail,0021500855,174,2738,Andre Iguodala,1610612744,Golden State Warriors,2,8,42,Made Shot,Driving Hook Shot,2PT Field Goal,In The Paint (Non-RA),Center(C),Less Than 8 ft.,4,-48,-1,1,1
329,Shot Chart Detail,0021500855,176,2738,Andre Iguodala,1610612744,Golden State Warriors,2,8,21,Missed Shot,Jump Shot,2PT Field Goal,Mid-Range,Right Side(R),16-24 ft.,20,207,-21,1,0
330,Shot Chart Detail,0021500874,80,2738,Andre Iguodala,1610612744,Golden State Warriors,1,4,6,Made Shot,Driving Layup Shot,2PT Field Goal,Restricted Area,Center(C),Less Than 8 ft.,1,0,11,1,1
331,Shot Chart Detail,0021500874,91,2738,Andre Iguodala,1610612744,Golden State Warriors,1,2,42,Made Shot,Driving Layup Shot,2PT Field Goal,Restricted Area,Center(C),Less Than 8 ft.,0,4,2,1,1
332,Shot Chart Detail,0021500874,99,2738,Andre Iguodala,1610612744,Golden State Warriors,1,2,16,Made Shot,Layup Shot,2PT Field Goal,Restricted Area,Center(C),Less Than 8 ft.,1,-11,-5,1,1
333,Shot Chart Detail,0021500874,105,2738,Andre Iguodala,1610612744,Golden State Warriors,1,0,49,Made Shot,Jump Shot,2PT Field Goal,Mid-Range,Left Side(L),16-24 ft.,18,-165,80,1,1
334,Shot Chart Detail,0021500874,114,2738,Andre Iguodala,1610612744,Golden State Warriors,2,11,45,Missed Shot,Jump Shot,3PT Field Goal,Above the Break 3,Left Side Center(LC),24+ ft.,24,-184,160,1,0
335,Shot Chart Detail,0021500874,136,2738,Andre Iguodala,1610612744,Golden State Warriors,2,8,59,Made Shot,Driving Layup Shot,2PT Field Goal,Restricted Area,Center(C),Less Than 8 ft.,0,9,2,1,1
336,Shot Chart Detail,0021500874,415,2738,Andre Iguodala,1610612744,Golden State Warriors,4,9,20,Missed Shot,Jump Shot,3PT Field Goal,Above the Break 3,Center(C),24+ ft.,24,-63,237,1,0
337,Shot Chart Detail,0021500874,556,2738,Andre Iguodala,1610612744,Golden State Warriors,5,3,32,Missed Shot,Reverse Layup Shot,2PT Field Goal,Restricted Area,Center(C),Less Than 8 ft.,1,17,2,1,0
338,Shot Chart Detail,0021500911,119,2738,Andre Iguodala,1610612744,Golden State Warriors,1,0,5,Missed Shot,Turnaround Jump Shot,2PT Field Goal,In The Paint (Non-RA),Center(C),Less Than 8 ft.,6,19,65,1,0
339,Shot Chart Detail,0021500911,389,2738,Andre Iguodala,1610612744,Golden State Warriors,4,9,59,Made Shot,Running Dunk Shot,2PT Field Goal,Restricted Area,Center(C),Less Than 8 ft.,0,0,1,1,1
340,Shot Chart Detail,0021500911,415,2738,Andre Iguodala,1610612744,Golden State Warriors,4,7,19,Missed Shot,Jump Shot,2PT Field Goal,Mid-Range,Left Side Center(LC),16-24 ft.,17,-122,124,1,0
341,Shot Chart Detail,0021500958,105,2738,Andre Iguodala,1610612744,Golden State Warriors,1,0,6,Missed Shot,Jump Shot,3PT Field Goal,Above the Break 3,Right Side Center(RC),24+ ft.,26,195,174,1,0
342,Shot Chart Detail,0021500958,360,2738,Andre Iguodala,1610612744,Golden State Warriors,4,11,12,Made Shot,Running Finger Roll Layup Shot,2PT Field Goal,Restricted Area,Center(C),Less Than 8 ft.,2,-7,26,1,1
343,Shot Chart Detail,0021500958,367,2738,Andre Iguodala,1610612744,Golden State Warriors,4,10,48,Made Shot,Fadeaway Jump Shot,2PT Field Goal,Mid-Range,Right Side(R),16-24 ft.,16,166,3,1,1
344,Shot Chart Detail,0021500971,151,2738,Andre Iguodala,1610612744,Golden State Warriors,2,10,8,Made Shot,Jump Shot,3PT Field Goal,Above the Break 3,Left Side Center(LC),24+ ft.,25,-187,169,1,1
345,Shot Chart Detail,0021500971,153,2738,Andre Iguodala,1610612744,Golden State Warriors,2,9,39,Made Shot,Jump Shot,3PT Field Goal,Above the Break 3,Right Side Center(RC),24+ ft.,25,123,228,1,1
346,Shot Chart Detail,0021500971,185,2738,Andre Iguodala,1610612744,Golden State Warriors,2,7,29,Missed Shot,Jump Shot,3PT Field Goal,Above the Break 3,Left Side Center(LC),24+ ft.,26,-203,166,1,0
