,GRID_TYPE,GAME_ID,GAME_EVENT_ID,PLAYER_ID,PLAYER_NAME,TEAM_ID,TEAM_NAME,PERIOD,MINUTES_REMAINING,SECONDS_REMAINING,EVENT_TYPE,ACTION_TYPE,SHOT_TYPE,SHOT_ZONE_BASIC,SHOT_ZONE_AREA,SHOT_ZONE_RANGE,SHOT_DISTANCE,LOC_X,LOC_Y,SHOT_ATTEMPTED_FLAG,SHOT_MADE_FLAG
0,Shot Chart Detail,0021500003,412,2733,Shaun Livingston,1610612744,Golden State Warriors,3,2,39,Made Shot,Jump Shot,2PT Field Goal,In The Paint (Non-RA),Right Side(R),8-16 ft.,12,68,110,1,1
1,Shot Chart Detail,0021500003,448,2733,Shaun Livingston,1610612744,Golden State Warriors,3,0,21,Made Shot,Turnaround Jump Shot,2PT Field Goal,In The Paint (Non-RA),Center(C),8-16 ft.,14,-70,126,1,1
2,Shot Chart Detail,0021500003,451,2733,Shaun Livingston,1610612744,Golden State Warriors,3,0,0,Missed Shot,Jump Shot,3PT Field Goal,Backcourt,Back Court(BC),Back Court Shot,51,181,477,1,0
3,Shot Chart Detail,0021500003,509,2733,Shaun Livingston,1610612744,Golden State Warriors,4,6,47,Missed Shot,Jump Shot,2PT Field Goal,Mid-Range,Right Side(R),8-16 ft.,12,101,72,1,0
4,Shot Chart Detail,0021500003,521,2733,Shaun Livingston,1610612744,Golden State Warriors,4,5,42,Missed Shot,Jump Shot,3PT Field Goal,Above the Break 3,Center(C),24+ ft.,24,10,244,1,0
5,Shot Chart Detail,0021500003,566,2733,Shaun Livingston,1610612744,Golden State Warriors,4,1,31,Made Shot,Turnaround Jump Shot,2PT Field Goal,Mid-Range,Left Side(L),8-16 ft.,15,-114,105,1,1
6,Shot Chart Detail,0021500030,113,2733,Shaun Livingston,1610612744,Golden State Warriors,1,3,32,Missed Shot,Layup Shot,2PT Field Goal,Restricted Area,Center(C),Less Than 8 ft.,3,-32,7,1,0
7,Shot Chart Detail,0021500030,167,2733,Shaun Livingston,1610612744,Golden State Warriors,2,11,27,Missed Shot,Jump Shot,2PT Field Goal,In The Paint (Non-RA),Center(C),Less Than 8 ft.,4,33,31,1,0
8,Shot Chart Detail,0021500030,377,2733,Shaun Livingston,1610612744,Golden State Warriors,3,5,25,Missed Shot,Dunk Shot,2PT Field Goal,Restricted Area,Center(C),Less Than 8 ft.,0,0,1,1,0
9,Shot Chart Detail,0021500035,135,2733,Shaun Livingston,1610612744,Golden State Warriors,1,0,25,Missed Shot,Jump Shot,2PT Field Goal,Mid-Range,Right Side(R),8-16 ft.,13,138,21,1,0
10,Shot Chart Detail,0021500035,151,2733,Shaun Livingston,1610612744,Golden State Warriors,2,11,45,Missed Shot,Jump Shot,2PT Field Goal,Mid-Range,Center(C),8-16 ft.,14,27,144,1,0
11,Shot Chart Detail,0021500035,316,2733,Shaun Livingston,1610612744,Golden State Warriors,2,0,27,Missed Shot,Layup Shot,2PT Field Goal,Restricted Area,Center(C),Less Than 8 ft.,2,25,7,1,0
12,Shot Chart Detail,0021500051,158,2733,Shaun Livingston,1610612744,Golden State Warriors,2,8,9,Made Shot,Fadeaway Jump Shot,2PT Field Goal,In The Paint (Non-RA),Right Side(R),8-16 ft.,8,66,51,1,1
13,Shot Chart Detail,0021500051,175,2733,Shaun Livingston,1610612744,Golden State Warriors,2,6,34,Made Shot,Turnaround Jump Shot,2PT Field Goal,Mid-Range,Left Side(L),8-16 ft.,14,-147,26,1,1
14,Shot Chart Detail,0021500069,73,2733,Shaun Livingston,1610612744,Golden State Warriors,1,4,40,Made Shot,Turnaround Fadeaway shot,2PT Field Goal,Mid-Range,Left Side(L),8-16 ft.,12,-92,90,1,1
15,Shot Chart Detail,0021500069,95,2733,Shaun Livingston,1610612744,Golden State Warriors,1,3,39,Missed Shot,Jump Shot,2PT Field Goal,In The Paint (Non-RA),Center(C),Less Than 8 ft.,7,-43,67,1,0
16,Shot Chart Detail,0021500069,118,2733,Shaun Livingston,1610612744,Golden State Warriors,1,1,59,Missed Shot,Turnaround Jump Shot,2PT Field Goal,Mid-Range,Right Side(R),8-16 ft.,11,104,41,1,0
17,Shot Chart Detail,0021500069,425,2733,Shaun Livingston,1610612744,Golden State Warriors,4,9,39,Made Shot,Jump Shot,2PT Field Goal,Mid-Range,Right Side(R),8-16 ft.,13,123,46,1,1
18,Shot Chart Detail,0021500069,433,2733,Shaun Livingston,1610612744,Golden State Warriors,4,8,34,Missed Shot,Fadeaway Jump Shot,2PT Field Goal,Mid-Range,Left Side Center(LC),16-24 ft.,16,-96,134,1,0
19,Shot Chart Detail,0021500083,169,2733,Shaun Livingston,1610612744,Golden State Warriors,2,8,56,Missed Shot,Pullup Jump shot,2PT Field Goal,Mid-Range,Right Side Center(RC),16-24 ft.,19,117,154,1,0
20,Shot Chart Detail,0021500083,381,2733,Shaun Livingston,1610612744,Golden State Warriors,3,1,36,Made Shot,Cutting Layup Shot,2PT Field Goal,Restricted Area,Center(C),Less Than 8 ft.,2,20,11,1,1
21,Shot Chart Detail,0021500092,120,2733,Shaun Livingston,1610612744,Golden State Warriors,1,1,22,Made Shot,Dunk Shot,2PT Field Goal,Restricted Area,Center(C),Less Than 8 ft.,0,0,1,1,1
22,Shot Chart Detail,0021500092,138,2733,Shaun Livingston,1610612744,Golden State Warriors,2,11,49,Missed Shot,Jump Shot,2PT Field Goal,Mid-Range,Left Side Center(LC),16-24 ft.,17,-110,136,1,0
23,Shot Chart Detail,0021500092,171,2733,Shaun Livingston,1610612744,Golden State Warriors,2,8,20,Missed Shot,Jump Shot,3PT Field Goal,Above the Break 3,Left Side Center(LC),24+ ft.,24,-208,136,1,0
24,Shot Chart Detail,0021500092,378,2733,Shaun Livingston,1610612744,Golden State Warriors,3,2,21,Made Shot,Reverse Layup Shot,2PT Field Goal,Restricted Area,Center(C),Less Than 8 ft.,2,17,11,1,1
25,Shot Chart Detail,0021500092,410,2733,Shaun Livingston,1610612744,Golden State Warriors,4,10,36,Made Shot,Pullup Jump shot,2PT Field Goal,Mid-Range,Center(C),8-16 ft.,15,28,156,1,1
26,Shot Chart Detail,0021500104,123,2733,Shaun Livingston,1610612744,Golden State Warriors,2,10,24,Made Shot,Fadeaway Jump Shot,2PT Field Goal,Mid-Range,Left Side(L),16-24 ft.,16,-165,2,1,1
27,Shot Chart Detail,0021500104,126,2733,Shaun Livingston,1610612744,Golden State Warriors,2,9,52,Missed Shot,Turnaround Fadeaway shot,2PT Field Goal,In The Paint (Non-RA),Center(C),8-16 ft.,14,-70,124,1,0
28,Shot Chart Detail,0021500104,135,2733,Shaun Livingston,1610612744,Golden State Warriors,2,8,35,Missed Shot,No Shot,2PT Field Goal,Restricted Area,Center(C),Less Than 8 ft.,0,-9,2,1,0
29,Shot Chart Detail,0021500104,408,2733,Shaun Livingston,1610612744,Golden State Warriors,4,7,19,Made Shot,Driving Layup Shot,2PT Field Goal,Restricted Area,Center(C),Less Than 8 ft.,1,-11,16,1,1
30,Shot Chart Detail,0021500120,172,2733,Shaun Livingston,1610612744,Golden State Warriors,2,7,47,Made Shot,Pullup Jump shot,2PT Field Goal,Mid-Range,Right Side(R),8-16 ft.,14,148,-1,1,1
31,Shot Chart Detail,0021500120,476,2733,Shaun Livingston,1610612744,Golden State Warriors,4,8,40,Made Shot,Fadeaway Jump Shot,2PT Field Goal,In The Paint (Non-RA),Right Side(R),8-16 ft.,10,63,80,1,1
32,Shot Chart Detail,0021500120,511,2733,Shaun Livingston,1610612744,Golden State Warriors,4,4,38,Made Shot,Pullup Jump shot,2PT Field Goal,In The Paint (Non-RA),Center(C),8-16 ft.,12,-61,111,1,1
33,Shot Chart Detail,0021500125,155,2733,Shaun Livingston,1610612744,Golden State Warriors,2,8,48,Missed Shot,Turnaround Jump Shot,2PT Field Goal,Mid-Range,Left Side(L),8-16 ft.,12,-119,28,1,0
34,Shot Chart Detail,0021500125,175,2733,Shaun Livingston,1610612744,Golden State Warriors,2,7,17,Made Shot,Turnaround Jump Shot,2PT Field Goal,Mid-Range,Right Side(R),8-16 ft.,12,120,13,1,1
35,Shot Chart Detail,0021500125,188,2733,Shaun Livingston,1610612744,Golden State Warriors,2,6,22,Made Shot,Dunk Shot,2PT Field Goal,Restricted Area,Center(C),Less Than 8 ft.,0,0,1,1,1
36,Shot Chart Detail,0021500125,427,2733,Shaun Livingston,1610612744,Golden State Warriors,4,8,13,Missed Shot,Layup Shot,2PT Field Goal,Restricted Area,Center(C),Less Than 8 ft.,2,-20,-1,1,0
37,Shot Chart Detail,0021500125,433,2733,Shaun Livingston,1610612744,Golden State Warriors,4,7,57,Made Shot,Turnaround Jump Shot,2PT Field Goal,Mid-Range,Left Side(L),8-16 ft.,9,-90,0,1,1
38,Shot Chart Detail,0021500144,92,2733,Shaun Livingston,1610612744,Golden State Warriors,1,0,28,Missed Shot,Tip Layup Shot,2PT Field Goal,Restricted Area,Center(C),Less Than 8 ft.,1,-11,8,1,0
39,Shot Chart Detail,0021500144,119,2733,Shaun Livingston,1610612744,Golden State Warriors,2,9,31,Made Shot,Turnaround Fadeaway shot,2PT Field Goal,Mid-Range,Right Side(R),8-16 ft.,11,114,11,1,1
40,Shot Chart Detail,0021500144,121,2733,Shaun Livingston,1610612744,Golden State Warriors,2,8,59,Made Shot,Pullup Bank shot,2PT Field Goal,In The Paint (Non-RA),Left Side(L),8-16 ft.,8,-68,46,1,1
41,Shot Chart Detail,0021500144,137,2733,Shaun Livingston,1610612744,Golden State Warriors,2,6,38,Missed Shot,Pullup Jump shot,2PT Field Goal,Mid-Range,Right Side(R),8-16 ft.,13,132,13,1,0
42,Shot Chart Detail,0021500144,327,2733,Shaun Livingston,1610612744,Golden State Warriors,3,0,46,Missed Shot,Pullup Jump shot,2PT Field Goal,In The Paint (Non-RA),Center(C),8-16 ft.,13,-61,115,1,0
43,Shot Chart Detail,0021500144,359,2733,Shaun Livingston,1610612744,Golden State Warriors,4,8,42,Missed Shot,Pullup Jump shot,2PT Field Goal,Mid-Range,Left Side Center(LC),16-24 ft.,17,-129,111,1,0
44,Shot Chart Detail,0021500144,416,2733,Shaun Livingston,1610612744,Golden State Warriors,4,2,58,Missed Shot,Driving Dunk Shot,2PT Field Goal,Restricted Area,Center(C),Less Than 8 ft.,0,0,1,1,0
45,Shot Chart Detail,0021500144,502,2733,Shaun Livingston,1610612744,Golden State Warriors,5,3,30,Made Shot,Running Dunk Shot,2PT Field Goal,Restricted Area,Center(C),Less Than 8 ft.,0,0,1,1,1
46,Shot Chart Detail,0021500187,83,2733,Shaun Livingston,1610612744,Golden State Warriors,1,2,41,Made Shot,Pullup Jump shot,2PT Field Goal,Mid-Range,Left Side(L),8-16 ft.,9,-96,21,1,1
47,Shot Chart Detail,0021500187,125,2733,Shaun Livingston,1610612744,Golden State Warriors,2,8,44,Made Shot,Driving Layup Shot,2PT Field Goal,Restricted Area,Center(C),Less Than 8 ft.,2,9,21,1,1
48,Shot Chart Detail,0021500187,454,2733,Shaun Livingston,1610612744,Golden State Warriors,4,6,32,Made Shot,Pullup Bank shot,2PT Field Goal,In The Paint (Non-RA),Center(C),8-16 ft.,12,48,120,1,1
49,Shot Chart Detail,0021500200,121,2733,Shaun Livingston,1610612744,Golden State Warriors,1,0,4,Made Shot,Running Alley Oop Dunk Shot,2PT Field Goal,Restricted Area,Center(C),Less Than 8 ft.,0,0,1,1,1
50,Shot Chart Detail,0021500200,131,2733,Shaun Livingston,1610612744,Golden State Warriors,2,11,3,Missed Shot,Jump Shot,2PT Field Goal,Mid-Range,Left Side(L),16-24 ft.,17,-168,61,1,0
51,Shot Chart Detail,0021500200,144,2733,Shaun Livingston,1610612744,Golden State Warriors,2,10,3,Missed Shot,Fadeaway Jump Shot,2PT Field Goal,In The Paint (Non-RA),Right Side(R),8-16 ft.,9,69,70,1,0
52,Shot Chart Detail,0021500200,153,2733,Shaun Livingston,1610612744,Golden State Warriors,2,9,25,Missed Shot,Jump Shot,3PT Field Goal,Left Corner 3,Left Side(L),24+ ft.,22,-228,-11,1,0
53,Shot Chart Detail,0021500200,172,2733,Shaun Livingston,1610612744,Golden State Warriors,2,7,49,Missed Shot,Jump Shot,2PT Field Goal,Mid-Range,Left Side(L),8-16 ft.,14,-140,21,1,0
54,Shot Chart Detail,0021500200,175,2733,Shaun Livingston,1610612744,Golden State Warriors,2,7,23,Made Shot,Layup Shot,2PT Field Goal,Restricted Area,Center(C),Less Than 8 ft.,1,9,11,1,1
55,Shot Chart Detail,0021500200,475,2733,Shaun Livingston,1610612744,Golden State Warriors,4,6,47,Missed Shot,Jump Shot,2PT Field Goal,Mid-Range,Left Side(L),16-24 ft.,16,-160,11,1,0
56,Shot Chart Detail,0021500214,141,2733,Shaun Livingston,1610612744,Golden State Warriors,2,8,57,Missed Shot,Pullup Jump shot,2PT Field Goal,Mid-Range,Left Side(L),16-24 ft.,16,-160,16,1,0
57,Shot Chart Detail,0021500214,171,2733,Shaun Livingston,1610612744,Golden State Warriors,2,6,50,Made Shot,Turnaround Fadeaway shot,2PT Field Goal,Mid-Range,Right Side(R),8-16 ft.,13,117,61,1,1
58,Shot Chart Detail,0021500214,386,2733,Shaun Livingston,1610612744,Golden State Warriors,4,10,7,Made Shot,Turnaround Jump Shot,2PT Field Goal,In The Paint (Non-RA),Center(C),8-16 ft.,13,-66,120,1,1
59,Shot Chart Detail,0021500214,408,2733,Shaun Livingston,1610612744,Golden State Warriors,4,7,21,Made Shot,Pullup Jump shot,2PT Field Goal,Mid-Range,Right Side(R),8-16 ft.,9,97,23,1,1
60,Shot Chart Detail,0021500236,171,2733,Shaun Livingston,1610612744,Golden State Warriors,2,8,12,Missed Shot,Pullup Jump shot,2PT Field Goal,Mid-Range,Left Side Center(LC),16-24 ft.,17,-91,154,1,0
61,Shot Chart Detail,0021500236,437,2733,Shaun Livingston,1610612744,Golden State Warriors,4,9,34,Missed Shot,Jump Shot,2PT Field Goal,Mid-Range,Right Side(R),16-24 ft.,19,191,26,1,0
62,Shot Chart Detail,0021500245,107,2733,Shaun Livingston,1610612744,Golden State Warriors,1,1,35,Made Shot,Turnaround Jump Shot,2PT Field Goal,In The Paint (Non-RA),Center(C),Less Than 8 ft.,6,-24,65,1,1
63,Shot Chart Detail,0021500245,133,2733,Shaun Livingston,1610612744,Golden State Warriors,2,10,56,Missed Shot,Pullup Jump shot,2PT Field Goal,Mid-Range,Center(C),16-24 ft.,17,-19,170,1,0
64,Shot Chart Detail,0021500245,144,2733,Shaun Livingston,1610612744,Golden State Warriors,2,9,52,Missed Shot,Jump Shot,2PT Field Goal,Mid-Range,Right Side(R),8-16 ft.,9,92,18,1,0
65,Shot Chart Detail,0021500245,174,2733,Shaun Livingston,1610612744,Golden State Warriors,2,7,6,Made Shot,Dunk Shot,2PT Field Goal,Restricted Area,Center(C),Less Than 8 ft.,0,0,1,1,1
66,Shot Chart Detail,0021500245,430,2733,Shaun Livingston,1610612744,Golden State Warriors,4,9,23,Made Shot,Driving Layup Shot,2PT Field Goal,Restricted Area,Center(C),Less Than 8 ft.,1,-4,16,1,1
67,Shot Chart Detail,0021500259,149,2733,Shaun Livingston,1610612744,Golden State Warriors,2,10,25,Missed Shot,Floating Jump shot,2PT Field Goal,In The Paint (Non-RA),Left Side(L),8-16 ft.,9,-70,67,1,0
68,Shot Chart Detail,0021500259,152,2733,Shaun Livingston,1610612744,Golden State Warriors,2,9,57,Missed Shot,Jump Shot,2PT Field Goal,Mid-Range,Left Side(L),8-16 ft.,15,-122,95,1,0
69,Shot Chart Detail,0021500259,162,2733,Shaun Livingston,1610612744,Golden State Warriors,2,9,24,Made Shot,Turnaround Fadeaway shot,2PT Field Goal,Mid-Range,Right Side(R),8-16 ft.,8,89,7,1,1
70,Shot Chart Detail,0021500259,397,2733,Shaun Livingston,1610612744,Golden State Warriors,4,9,5,Missed Shot,Floating Jump shot,2PT Field Goal,Mid-Range,Left Side(L),8-16 ft.,10,-89,51,1,0
71,Shot Chart Detail,0021500259,410,2733,Shaun Livingston,1610612744,Golden State Warriors,4,7,51,Missed Shot,Driving Layup Shot,2PT Field Goal,Restricted Area,Center(C),Less Than 8 ft.,2,-29,0,1,0
72,Shot Chart Detail,0021500259,438,2733,Shaun Livingston,1610612744,Golden State Warriors,4,5,39,Made Shot,Jump Shot,3PT Field Goal,Left Corner 3,Left Side(L),24+ ft.,22,-222,-1,1,1
73,Shot Chart Detail,0021500259,441,2733,Shaun Livingston,1610612744,Golden State Warriors,4,5,6,Made Shot,Step Back Jump shot,2PT Field Goal,In The Paint (Non-RA),Center(C),Less Than 8 ft.,7,0,70,1,1
74,Shot Chart Detail,0021500268,107,2733,Shaun Livingston,1610612744,Golden State Warriors,1,1,30,Made Shot,Alley Oop Dunk Shot,2PT Field Goal,Restricted Area,Center(C),Less Than 8 ft.,0,0,1,1,1
75,Shot Chart Detail,0021500268,140,2733,Shaun Livingston,1610612744,Golden State Warriors,2,10,1,Made Shot,Pullup Jump shot,2PT Field Goal,Mid-Range,Left Side(L),8-16 ft.,14,-135,41,1,1
76,Shot Chart Detail,0021500268,402,2733,Shaun Livingston,1610612744,Golden State Warriors,4,8,24,Missed Shot,Jump Shot,2PT Field Goal,In The Paint (Non-RA),Center(C),Less Than 8 ft.,7,69,13,1,0
77,Shot Chart Detail,0021500268,476,2733,Shaun Livingston,1610612744,Golden State Warriors,4,3,14,Made Shot,Pullup Jump shot,2PT Field Goal,Mid-Range,Left Side(L),8-16 ft.,10,-101,11,1,1
78,Shot Chart Detail,0021500268,504,2733,Shaun Livingston,1610612744,Golden State Warriors,4,1,4,Missed Shot,Jump Shot,3PT Field Goal,Right Corner 3,Right Side(R),24+ ft.,23,233,51,1,0
79,Shot Chart Detail,0021500290,148,2733,Shaun Livingston,1610612744,Golden State Warriors,2,9,9,Missed Shot,Jump Shot,2PT Field Goal,In The Paint (Non-RA),Left Side(L),8-16 ft.,9,-70,57,1,0
80,Shot Chart Detail,0021500290,152,2733,Shaun Livingston,1610612744,Golden State Warriors,2,9,0,Made Shot,Pullup Jump shot,2PT Field Goal,In The Paint (Non-RA),Center(C),Less Than 8 ft.,5,-12,51,1,1
81,Shot Chart Detail,0021500290,416,2733,Shaun Livingston,1610612744,Golden State Warriors,4,10,15,Missed Shot,Pullup Jump shot,2PT Field Goal,In The Paint (Non-RA),Center(C),8-16 ft.,10,-2,105,1,0
82,Shot Chart Detail,0021500290,454,2733,Shaun Livingston,1610612744,Golden State Warriors,4,6,31,Made Shot,Layup Shot,2PT Field Goal,Restricted Area,Center(C),Less Than 8 ft.,3,-24,18,1,1
83,Shot Chart Detail,0021500300,178,2733,Shaun Livingston,1610612744,Golden State Warriors,2,10,9,Made Shot,Turnaround Fadeaway shot,2PT Field Goal,Mid-Range,Left Side(L),16-24 ft.,17,-160,75,1,1
84,Shot Chart Detail,0021500300,203,2733,Shaun Livingston,1610612744,Golden State Warriors,2,6,53,Missed Shot,Jump Shot,3PT Field Goal,Right Corner 3,Right Side(R),24+ ft.,23,235,-16,1,0
85,Shot Chart Detail,0021500300,216,2733,Shaun Livingston,1610612744,Golden State Warriors,2,5,32,Missed Shot,Putback Dunk Shot,2PT Field Goal,Restricted Area,Center(C),Less Than 8 ft.,0,0,1,1,0
86,Shot Chart Detail,0021500300,234,2733,Shaun Livingston,1610612744,Golden State Warriors,2,4,31,Missed Shot,Tip Layup Shot,2PT Field Goal,Restricted Area,Center(C),Less Than 8 ft.,2,-29,2,1,0
87,Shot Chart Detail,0021500300,430,2733,Shaun Livingston,1610612744,Golden State Warriors,4,10,12,Made Shot,Jump Shot,2PT Field Goal,In The Paint (Non-RA),Center(C),8-16 ft.,13,1,131,1,1
88,Shot Chart Detail,0021500300,441,2733,Shaun Livingston,1610612744,Golden State Warriors,4,8,40,Missed Shot,Layup Shot,2PT Field Goal,Restricted Area,Center(C),Less Than 8 ft.,3,32,2,1,0
89,Shot Chart Detail,0021500314,150,2733,Shaun Livingston,1610612744,Golden State Warriors,2,10,58,Made Shot,Turnaround Fadeaway shot,2PT Field Goal,Mid-Range,Left Side(L),8-16 ft.,15,-137,70,1,1
90,Shot Chart Detail,0021500314,191,2733,Shaun Livingston,1610612744,Golden State Warriors,2,6,15,Made Shot,Jump Shot,2PT Field Goal,Mid-Range,Right Side(R),16-24 ft.,16,169,2,1,1
91,Shot Chart Detail,0021500314,427,2733,Shaun Livingston,1610612744,Golden State Warriors,4,8,14,Made Shot,Pullup Jump shot,2PT Field Goal,Mid-Range,Right Side(R),8-16 ft.,15,104,110,1,1
92,Shot Chart Detail,0021500336,101,2733,Shaun Livingston,1610612744,Golden State Warriors,1,2,3,Made Shot,Turnaround Fadeaway shot,2PT Field Goal,Mid-Range,Left Side(L),8-16 ft.,14,-112,95,1,1
93,Shot Chart Detail,0021500336,169,2733,Shaun Livingston,1610612744,Golden State Warriors,2,7,51,Made Shot,Pullup Jump shot,2PT Field Goal,Mid-Range,Right Side(R),16-24 ft.,17,155,70,1,1
94,Shot Chart Detail,0021500336,173,2733,Shaun Livingston,1610612744,Golden State Warriors,2,7,19,Missed Shot,Jump Shot,3PT Field Goal,Right Corner 3,Right Side(R),24+ ft.,23,233,21,1,0
95,Shot Chart Detail,0021500336,192,2733,Shaun Livingston,1610612744,Golden State Warriors,2,5,51,Made Shot,Turnaround Bank shot,2PT Field Goal,Mid-Range,Right Side(R),8-16 ft.,9,96,8,1,1
96,Shot Chart Detail,0021500336,194,2733,Shaun Livingston,1610612744,Golden State Warriors,2,5,22,Missed Shot,Jump Shot,2PT Field Goal,Mid-Range,Right Side(R),8-16 ft.,12,128,-5,1,0
97,Shot Chart Detail,0021500336,432,2733,Shaun Livingston,1610612744,Golden State Warriors,4,11,19,Missed Shot,Jump Shot,2PT Field Goal,Mid-Range,Left Side(L),8-16 ft.,13,-125,43,1,0
98,Shot Chart Detail,0021500336,543,2733,Shaun Livingston,1610612744,Golden State Warriors,4,1,46,Made Shot,Tip Layup Shot,2PT Field Goal,Restricted Area,Center(C),Less Than 8 ft.,1,1,13,1,1
99,Shot Chart Detail,0021500336,593,2733,Shaun Livingston,1610612744,Golden State Warriors,5,4,1,Missed Shot,Jump Shot,2PT Field Goal,In The Paint (Non-RA),Center(C),8-16 ft.,14,68,131,1,0
100,Shot Chart Detail,0021500336,687,2733,Shaun Livingston,1610612744,Golden State Warriors,6,1,50,Made Shot,Layup Shot,2PT Field Goal,Restricted Area,Center(C),Less Than 8 ft.,0,-2,2,1,1
101,Shot Chart Detail,0021500351,101,2733,Shaun Livingston,1610612744,Golden State Warriors,1,1,42,Missed Shot,Jump Shot,2PT Field Goal,Mid-Range,Right Side(R),8-16 ft.,10,101,-11,1,0
102,Shot Chart Detail,0021500351,160,2733,Shaun Livingston,1610612744,Golden State Warriors,2,9,41,Missed Shot,Turnaround Jump Shot,2PT Field Goal,Mid-Range,Left Side(L),8-16 ft.,10,-89,61,1,0
103,Shot Chart Detail,0021500351,403,2733,Shaun Livingston,1610612744,Golden State Warriors,3,2,37,Missed Shot,Jump Shot,2PT Field Goal,In The Paint (Non-RA),Center(C),8-16 ft.,8,-24,77,1,0
104,Shot Chart Detail,0021500351,410,2733,Shaun Livingston,1610612744,Golden State Warriors,3,2,14,Made Shot,Dunk Shot,2PT Field Goal,Restricted Area,Center(C),Less Than 8 ft.,0,0,1,1,1
105,Shot Chart Detail,0021500351,479,2733,Shaun Livingston,1610612744,Golden State Warriors,4,10,47,Missed Shot,Jump Shot,2PT Field Goal,Mid-Range,Left Side(L),8-16 ft.,14,-134,49,1,0
106,Shot Chart Detail,0021500351,497,2733,Shaun Livingston,1610612744,Golden State Warriors,4,5,50,Made Shot,Layup Shot,2PT Field Goal,Restricted Area,Center(C),Less Than 8 ft.,1,-12,3,1,1
107,Shot Chart Detail,0021500381,184,2733,Shaun Livingston,1610612744,Golden State Warriors,2,5,33,Missed Shot,Jump Shot,2PT Field Goal,In The Paint (Non-RA),Right Side(R),8-16 ft.,12,73,105,1,0
108,Shot Chart Detail,0021500381,411,2733,Shaun Livingston,1610612744,Golden State Warriors,4,9,47,Missed Shot,Jump Shot,2PT Field Goal,Mid-Range,Right Side(R),8-16 ft.,9,86,28,1,0
109,Shot Chart Detail,0021500381,432,2733,Shaun Livingston,1610612744,Golden State Warriors,4,7,58,Missed Shot,Jump Shot,3PT Field Goal,Right Corner 3,Right Side(R),24+ ft.,23,230,31,1,0
110,Shot Chart Detail,0021500397,127,2733,Shaun Livingston,1610612744,Golden State Warriors,1,1,8,Missed Shot,Jump Shot,2PT Field Goal,Mid-Range,Left Side(L),8-16 ft.,15,-97,115,1,0
111,Shot Chart Detail,0021500397,136,2733,Shaun Livingston,1610612744,Golden State Warriors,1,0,30,Made Shot,Cutting Dunk Shot,2PT Field Goal,Restricted Area,Center(C),Less Than 8 ft.,0,0,1,1,1
112,Shot Chart Detail,0021500397,173,2733,Shaun Livingston,1610612744,Golden State Warriors,2,9,19,Made Shot,Fadeaway Jump Shot,2PT Field Goal,Mid-Range,Left Side(L),8-16 ft.,12,-120,26,1,1
113,Shot Chart Detail,0021500397,177,2733,Shaun Livingston,1610612744,Golden State Warriors,2,8,40,Missed Shot,Pullup Jump shot,3PT Field Goal,Left Corner 3,Left Side(L),24+ ft.,24,-241,7,1,0
114,Shot Chart Detail,0021500397,220,2733,Shaun Livingston,1610612744,Golden State Warriors,2,5,26,Missed Shot,Jump Shot,2PT Field Goal,In The Paint (Non-RA),Center(C),8-16 ft.,8,15,82,1,0
115,Shot Chart Detail,0021500397,419,2733,Shaun Livingston,1610612744,Golden State Warriors,4,11,21,Missed Shot,Layup Shot,2PT Field Goal,Restricted Area,Center(C),Less Than 8 ft.,2,14,16,1,0
116,Shot Chart Detail,0021500434,122,2733,Shaun Livingston,1610612744,Golden State Warriors,2,9,55,Missed Shot,Turnaround Jump Shot,2PT Field Goal,Mid-Range,Left Side(L),8-16 ft.,15,-155,13,1,0
117,Shot Chart Detail,0021500434,172,2733,Shaun Livingston,1610612744,Golden State Warriors,2,5,40,Missed Shot,Driving Layup Shot,2PT Field Goal,Restricted Area,Center(C),Less Than 8 ft.,2,17,18,1,0
118,Shot Chart Detail,0021500434,177,2733,Shaun Livingston,1610612744,Golden State Warriors,2,5,7,Made Shot,Driving Dunk Shot,2PT Field Goal,Restricted Area,Center(C),Less Than 8 ft.,0,0,1,1,1
119,Shot Chart Detail,0021500434,353,2733,Shaun Livingston,1610612744,Golden State Warriors,4,10,51,Made Shot,Pullup Jump shot,2PT Field Goal,Mid-Range,Right Side(R),8-16 ft.,14,143,21,1,1
120,Shot Chart Detail,0021500434,382,2733,Shaun Livingston,1610612744,Golden State Warriors,4,7,55,Missed Shot,Hook Shot,2PT Field Goal,Mid-Range,Right Side(R),8-16 ft.,10,96,31,1,0
121,Shot Chart Detail,0021500434,387,2733,Shaun Livingston,1610612744,Golden State Warriors,4,7,11,Missed Shot,Layup Shot,2PT Field Goal,Restricted Area,Center(C),Less Than 8 ft.,2,-1,21,1,0
122,Shot Chart Detail,0021500434,404,2733,Shaun Livingston,1610612744,Golden State Warriors,4,5,35,Made Shot,Driving Reverse Layup Shot,2PT Field Goal,Restricted Area,Center(C),Less Than 8 ft.,1,0,11,1,1
123,Shot Chart Detail,0021500434,430,2733,Shaun Livingston,1610612744,Golden State Warriors,4,4,7,Made Shot,Turnaround Jump Shot,2PT Field Goal,In The Paint (Non-RA),Center(C),Less Than 8 ft.,7,64,36,1,1
124,Shot Chart Detail,0021500438,96,2733,Shaun Livingston,1610612744,Golden State Warriors,1,2,59,Made Shot,Pullup Jump shot,2PT Field Goal,In The Paint (Non-RA),Center(C),8-16 ft.,13,-42,129,1,1
125,Shot Chart Detail,0021500438,120,2733,Shaun Livingston,1610612744,Golden State Warriors,1,0,31,Made Shot,Turnaround Fadeaway shot,2PT Field Goal,Mid-Range,Right Side(R),8-16 ft.,14,138,52,1,1
126,Shot Chart Detail,0021500438,140,2733,Shaun Livingston,1610612744,Golden State Warriors,2,11,13,Missed Shot,Pullup Jump shot,2PT Field Goal,Mid-Range,Left Side(L),16-24 ft.,16,-142,80,1,0
127,Shot Chart Detail,0021500438,200,2733,Shaun Livingston,1610612744,Golden State Warriors,2,5,42,Made Shot,Pullup Jump shot,2PT Field Goal,Mid-Range,Left Side(L),8-16 ft.,15,-110,106,1,1
128,Shot Chart Detail,0021500438,377,2733,Shaun Livingston,1610612744,Golden State Warriors,3,1,50,Made Shot,Driving Finger Roll Layup Shot,2PT Field Goal,Restricted Area,Center(C),Less Than 8 ft.,1,4,13,1,1
129,Shot Chart Detail,0021500438,398,2733,Shaun Livingston,1610612744,Golden State Warriors,4,11,21,Made Shot,Turnaround Jump Shot,2PT Field Goal,Mid-Range,Left Side(L),8-16 ft.,12,-120,33,1,1
130,Shot Chart Detail,0021500438,405,2733,Shaun Livingston,1610612744,Golden State Warriors,4,10,50,Made Shot,Pullup Jump shot,2PT Field Goal,In The Paint (Non-RA),Center(C),8-16 ft.,11,-9,110,1,1
131,Shot Chart Detail,0021500438,443,2733,Shaun Livingston,1610612744,Golden State Warriors,4,7,52,Made Shot,Step Back Jump shot,2PT Field Goal,In The Paint (Non-RA),Center(C),8-16 ft.,13,-66,115,1,1
132,Shot Chart Detail,0021500438,476,2733,Shaun Livingston,1610612744,Golden State Warriors,4,5,19,Made Shot,Driving Dunk Shot,2PT Field Goal,Restricted Area,Center(C),Less Than 8 ft.,0,0,1,1,1
133,Shot Chart Detail,0021500468,140,2733,Shaun Livingston,1610612744,Golden State Warriors,1,1,35,Made Shot,Jump Shot,2PT Field Goal,In The Paint (Non-RA),Center(C),Less Than 8 ft.,7,-68,23,1,1
134,Shot Chart Detail,0021500468,143,2733,Shaun Livingston,1610612744,Golden State Warriors,1,0,57,Missed Shot,Jump Shot,2PT Field Goal,Mid-Range,Left Side(L),16-24 ft.,17,-173,8,1,0
135,Shot Chart Detail,0021500468,151,2733,Shaun Livingston,1610612744,Golden State Warriors,1,0,34,Missed Shot,Jump Shot,3PT Field Goal,Above the Break 3,Left Side Center(LC),24+ ft.,25,-178,178,1,0
136,Shot Chart Detail,0021500468,181,2733,Shaun Livingston,1610612744,Golden State Warriors,2,9,37,Missed Shot,Turnaround Fadeaway shot,2PT Field Goal,Mid-Range,Left Side(L),8-16 ft.,14,-137,31,1,0
137,Shot Chart Detail,0021500468,428,2733,Shaun Livingston,1610612744,Golden State Warriors,3,0,29,Missed Shot,Jump Shot,2PT Field Goal,Mid-Range,Right Side(R),8-16 ft.,13,133,7,1,0
138,Shot Chart Detail,0021500468,447,2733,Shaun Livingston,1610612744,Golden State Warriors,4,9,58,Missed Shot,Jump Shot,2PT Field Goal,In The Paint (Non-RA),Center(C),8-16 ft.,10,-27,105,1,0
139,Shot Chart Detail,0021500468,490,2733,Shaun Livingston,1610612744,Golden State Warriors,4,6,49,Made Shot,Jump Shot,2PT Field Goal,In The Paint (Non-RA),Center(C),Less Than 8 ft.,6,-2,65,1,1
140,Shot Chart Detail,0021500468,545,2733,Shaun Livingston,1610612744,Golden State Warriors,4,3,13,Made Shot,Layup Shot,2PT Field Goal,Restricted Area,Center(C),Less Than 8 ft.,1,1,16,1,1
141,Shot Chart Detail,0021500468,548,2733,Shaun Livingston,1610612744,Golden State Warriors,4,2,48,Made Shot,Turnaround Jump Shot,2PT Field Goal,In The Paint (Non-RA),Center(C),8-16 ft.,9,-22,97,1,1
142,Shot Chart Detail,0021500480,8,2733,Shaun Livingston,1610612744,Golden State Warriors,1,10,29,Made Shot,Jump Shot,2PT Field Goal,Mid-Range,Left Side(L),8-16 ft.,13,-130,3,1,1
143,Shot Chart Detail,0021500480,22,2733,Shaun Livingston,1610612744,Golden State Warriors,1,8,31,Made Shot,Turnaround Fadeaway shot,2PT Field Goal,Mid-Range,Right Side(R),16-24 ft.,16,156,36,1,1
144,Shot Chart Detail,0021500480,35,2733,Shaun Livingston,1610612744,Golden State Warriors,1,6,18,Missed Shot,Fadeaway Jump Shot,2PT Field Goal,In The Paint (Non-RA),Left Side(L),8-16 ft.,8,-76,26,1,0
145,Shot Chart Detail,0021500480,40,2733,Shaun Livingston,1610612744,Golden State Warriors,1,5,44,Missed Shot,Jump Shot,2PT Field Goal,Mid-Range,Right Side(R),8-16 ft.,9,91,16,1,0
146,Shot Chart Detail,0021500480,168,2733,Shaun Livingston,1610612744,Golden State Warriors,2,6,8,Missed Shot,Jump Shot,2PT Field Goal,In The Paint (Non-RA),Center(C),Less Than 8 ft.,6,-7,61,1,0
147,Shot Chart Detail,0021500480,213,2733,Shaun Livingston,1610612744,Golden State Warriors,2,2,53,Made Shot,Turnaround Bank shot,2PT Field Goal,Mid-Range,Left Side(L),8-16 ft.,8,-83,31,1,1
148,Shot Chart Detail,0021500480,270,2733,Shaun Livingston,1610612744,Golden State Warriors,3,9,17,Missed Shot,Turnaround Jump Shot,2PT Field Goal,Mid-Range,Left Side(L),8-16 ft.,13,-132,3,1,0
149,Shot Chart Detail,0021500485,20,2733,Shaun Livingston,1610612744,Golden State Warriors,1,9,17,Made Shot,Reverse Layup Shot,2PT Field Goal,Restricted Area,Center(C),Less Than 8 ft.,1,-19,3,1,1
150,Shot Chart Detail,0021500485,47,2733,Shaun Livingston,1610612744,Golden State Warriors,1,7,45,Made Shot,Jump Shot,2PT Field Goal,Mid-Range,Left Side(L),8-16 ft.,8,-81,7,1,1
151,Shot Chart Detail,0021500485,65,2733,Shaun Livingston,1610612744,Golden State Warriors,1,6,24,Missed Shot,Layup Shot,2PT Field Goal,Restricted Area,Center(C),Less Than 8 ft.,2,-19,13,1,0
152,Shot Chart Detail,0021500485,271,2733,Shaun Livingston,1610612744,Golden State Warriors,2,1,49,Missed Shot,Turnaround Jump Shot,2PT Field Goal,In The Paint (Non-RA),Center(C),Less Than 8 ft.,4,42,-1,1,0
153,Shot Chart Detail,0021500485,311,2733,Shaun Livingston,1610612744,Golden State Warriors,2,0,2,Made Shot,Cutting Dunk Shot,2PT Field Goal,Restricted Area,Center(C),Less Than 8 ft.,0,0,1,1,1
154,Shot Chart Detail,0021500485,345,2733,Shaun Livingston,1610612744,Golden State Warriors,3,8,13,Missed Shot,Layup Shot,2PT Field Goal,Restricted Area,Center(C),Less Than 8 ft.,2,-27,-1,1,0
155,Shot Chart Detail,0021500485,363,2733,Shaun Livingston,1610612744,Golden State Warriors,3,6,35,Missed Shot,Turnaround Jump Shot,2PT Field Goal,Mid-Range,Right Side(R),8-16 ft.,14,140,2,1,0
156,Shot Chart Detail,0021500485,373,2733,Shaun Livingston,1610612744,Golden State Warriors,3,5,15,Missed Shot,Pullup Jump shot,2PT Field Goal,Mid-Range,Right Side(R),8-16 ft.,14,148,3,1,0
157,Shot Chart Detail,0021500485,473,2733,Shaun Livingston,1610612744,Golden State Warriors,4,10,26,Made Shot,Jump Shot,2PT Field Goal,In The Paint (Non-RA),Right Side(R),8-16 ft.,8,79,18,1,1
158,Shot Chart Detail,0021500485,480,2733,Shaun Livingston,1610612744,Golden State Warriors,4,9,51,Made Shot,Pullup Jump shot,2PT Field Goal,Mid-Range,Left Side(L),16-24 ft.,16,-166,11,1,1
159,Shot Chart Detail,0021500485,513,2733,Shaun Livingston,1610612744,Golden State Warriors,4,6,52,Made Shot,Cutting Layup Shot,2PT Field Goal,Restricted Area,Center(C),Less Than 8 ft.,0,1,-6,1,1
160,Shot Chart Detail,0021500485,542,2733,Shaun Livingston,1610612744,Golden State Warriors,4,3,51,Missed Shot,Turnaround Jump Shot,2PT Field Goal,Mid-Range,Left Side(L),8-16 ft.,15,-119,100,1,0
161,Shot Chart Detail,0021500504,86,2733,Shaun Livingston,1610612744,Golden State Warriors,1,3,26,Made Shot,Cutting Finger Roll Layup Shot,2PT Field Goal,Restricted Area,Center(C),Less Than 8 ft.,0,2,7,1,1
162,Shot Chart Detail,0021500504,118,2733,Shaun Livingston,1610612744,Golden State Warriors,1,1,9,Made Shot,Turnaround Jump Shot,2PT Field Goal,Mid-Range,Right Side(R),8-16 ft.,13,130,16,1,1
163,Shot Chart Detail,0021500504,230,2733,Shaun Livingston,1610612744,Golden State Warriors,2,2,35,Made Shot,Reverse Layup Shot,2PT Field Goal,Restricted Area,Center(C),Less Than 8 ft.,1,9,7,1,1
164,Shot Chart Detail,0021500504,411,2733,Shaun Livingston,1610612744,Golden State Warriors,4,10,42,Missed Shot,Turnaround Jump Shot,2PT Field Goal,In The Paint (Non-RA),Center(C),8-16 ft.,13,55,126,1,0
165,Shot Chart Detail,0021500504,426,2733,Shaun Livingston,1610612744,Golden State Warriors,4,8,57,Missed Shot,Jump Shot,2PT Field Goal,In The Paint (Non-RA),Center(C),Less Than 8 ft.,6,-63,21,1,0
166,Shot Chart Detail,0021500520,71,2733,Shaun Livingston,1610612744,Golden State Warriors,1,4,26,Missed Shot,Turnaround Jump Shot,2PT Field Goal,Mid-Range,Left Side(L),8-16 ft.,15,-119,106,1,0
167,Shot Chart Detail,0021500520,116,2733,Shaun Livingston,1610612744,Golden State Warriors,1,0,0,Missed Shot,Floating Jump shot,2PT Field Goal,In The Paint (Non-RA),Center(C),8-16 ft.,9,-6,95,1,0
168,Shot Chart Detail,0021500548,153,2733,Shaun Livingston,1610612744,Golden State Warriors,2,8,52,Made Shot,Jump Shot,2PT Field Goal,Restricted Area,Center(C),Less Than 8 ft.,3,32,3,1,1
169,Shot Chart Detail,0021500548,166,2733,Shaun Livingston,1610612744,Golden State Warriors,2,7,55,Missed Shot,Pullup Jump shot,2PT Field Goal,Mid-Range,Center(C),8-16 ft.,14,-19,139,1,0
170,Shot Chart Detail,0021500548,169,2733,Shaun Livingston,1610612744,Golden State Warriors,2,7,30,Missed Shot,Turnaround Jump Shot,2PT Field Goal,Mid-Range,Right Side(R),8-16 ft.,10,109,3,1,0
171,Shot Chart Detail,0021500548,194,2733,Shaun Livingston,1610612744,Golden State Warriors,2,6,6,Made Shot,Pullup Jump shot,2PT Field Goal,Mid-Range,Left Side(L),8-16 ft.,10,-101,-6,1,1
172,Shot Chart Detail,0021500548,442,2733,Shaun Livingston,1610612744,Golden State Warriors,4,9,55,Missed Shot,Turnaround Jump Shot,2PT Field Goal,Mid-Range,Right Side(R),8-16 ft.,15,156,21,1,0
173,Shot Chart Detail,0021500548,455,2733,Shaun Livingston,1610612744,Golden State Warriors,4,8,34,Missed Shot,Turnaround Jump Shot,2PT Field Goal,Mid-Range,Right Side(R),8-16 ft.,11,104,56,1,0
174,Shot Chart Detail,0021500548,460,2733,Shaun Livingston,1610612744,Golden State Warriors,4,8,2,Missed Shot,Turnaround Bank shot,2PT Field Goal,In The Paint (Non-RA),Center(C),Less Than 8 ft.,5,-50,16,1,0
175,Shot Chart Detail,0021500556,392,2733,Shaun Livingston,1610612744,Golden State Warriors,3,1,13,Made Shot,Jump Shot,2PT Field Goal,Mid-Range,Right Side(R),8-16 ft.,11,99,52,1,1
176,Shot Chart Detail,0021500556,431,2733,Shaun Livingston,1610612744,Golden State Warriors,4,11,2,Made Shot,Turnaround Jump Shot,2PT Field Goal,Mid-Range,Right Side(R),8-16 ft.,9,92,11,1,1
177,Shot Chart Detail,0021500556,465,2733,Shaun Livingston,1610612744,Golden State Warriors,4,7,5,Made Shot,Fadeaway Jump Shot,2PT Field Goal,Mid-Range,Left Side(L),8-16 ft.,14,-96,111,1,1
178,Shot Chart Detail,0021500568,105,2733,Shaun Livingston,1610612744,Golden State Warriors,1,1,50,Missed Shot,Turnaround Jump Shot,2PT Field Goal,In The Paint (Non-RA),Right Side(R),8-16 ft.,8,64,56,1,0
179,Shot Chart Detail,0021500568,123,2733,Shaun Livingston,1610612744,Golden State Warriors,2,11,48,Made Shot,Driving Layup Shot,2PT Field Goal,Restricted Area,Center(C),Less Than 8 ft.,0,1,7,1,1
180,Shot Chart Detail,0021500568,432,2733,Shaun Livingston,1610612744,Golden State Warriors,4,7,12,Missed Shot,Jump Shot,2PT Field Goal,Mid-Range,Left Side(L),16-24 ft.,17,-169,36,1,0
181,Shot Chart Detail,0021500583,453,2733,Shaun Livingston,1610612744,Golden State Warriors,4,9,53,Missed Shot,Fadeaway Jump Shot,2PT Field Goal,Mid-Range,Left Side(L),8-16 ft.,13,-135,2,1,0
182,Shot Chart Detail,0021500592,113,2733,Shaun Livingston,1610612744,Golden State Warriors,1,1,36,Made Shot,Running Layup Shot,2PT Field Goal,Restricted Area,Center(C),Less Than 8 ft.,2,9,21,1,1
183,Shot Chart Detail,0021500592,142,2733,Shaun Livingston,1610612744,Golden State Warriors,2,11,42,Missed Shot,Turnaround Hook Shot,2PT Field Goal,In The Paint (Non-RA),Center(C),Less Than 8 ft.,7,-68,28,1,0
184,Shot Chart Detail,0021500592,171,2733,Shaun Livingston,1610612744,Golden State Warriors,2,8,25,Missed Shot,Turnaround Fadeaway shot,2PT Field Goal,Mid-Range,Left Side(L),8-16 ft.,11,-110,23,1,0
185,Shot Chart Detail,0021500592,174,2733,Shaun Livingston,1610612744,Golden State Warriors,2,7,58,Made Shot,Cutting Layup Shot,2PT Field Goal,Restricted Area,Center(C),Less Than 8 ft.,1,-9,11,1,1
186,Shot Chart Detail,0021500592,393,2733,Shaun Livingston,1610612744,Golden State Warriors,3,1,31,Made Shot,Jump Bank Shot,2PT Field Goal,In The Paint (Non-RA),Center(C),8-16 ft.,13,56,124,1,1
187,Shot Chart Detail,0021500592,423,2733,Shaun Livingston,1610612744,Golden State Warriors,4,11,13,Made Shot,Turnaround Fadeaway shot,2PT Field Goal,Mid-Range,Right Side(R),8-16 ft.,11,110,18,1,1
188,Shot Chart Detail,0021500592,464,2733,Shaun Livingston,1610612744,Golden State Warriors,4,6,45,Made Shot,Pullup Jump shot,2PT Field Goal,Mid-Range,Right Side Center(RC),16-24 ft.,18,107,151,1,1
189,Shot Chart Detail,0021500592,474,2733,Shaun Livingston,1610612744,Golden State Warriors,4,5,28,Made Shot,Driving Layup Shot,2PT Field Goal,Restricted Area,Center(C),Less Than 8 ft.,2,9,23,1,1
190,Shot Chart Detail,0021500605,128,2733,Shaun Livingston,1610612744,Golden State Warriors,2,11,37,Missed Shot,Hook Shot,2PT Field Goal,In The Paint (Non-RA),Center(C),Less Than 8 ft.,5,-53,7,1,0
191,Shot Chart Detail,0021500605,138,2733,Shaun Livingston,1610612744,Golden State Warriors,2,10,19,Made Shot,Driving Layup Shot,2PT Field Goal,Restricted Area,Center(C),Less Than 8 ft.,0,-1,-1,1,1
192,Shot Chart Detail,0021500605,153,2733,Shaun Livingston,1610612744,Golden State Warriors,2,9,13,Missed Shot,Jump Shot,2PT Field Goal,In The Paint (Non-RA),Center(C),8-16 ft.,12,40,116,1,0
193,Shot Chart Detail,0021500605,432,2733,Shaun Livingston,1610612744,Golden State Warriors,4,10,16,Missed Shot,Jump Shot,2PT Field Goal,Mid-Range,Right Side(R),16-24 ft.,16,163,11,1,0
194,Shot Chart Detail,0021500605,454,2733,Shaun Livingston,1610612744,Golden State Warriors,4,8,37,Missed Shot,Jump Shot,2PT Field Goal,Mid-Range,Right Side(R),8-16 ft.,13,132,21,1,0
195,Shot Chart Detail,0021500605,479,2733,Shaun Livingston,1610612744,Golden State Warriors,4,6,52,Missed Shot,Reverse Layup Shot,2PT Field Goal,Restricted Area,Center(C),Less Than 8 ft.,0,1,-1,1,0
196,Shot Chart Detail,0021500605,481,2733,Shaun Livingston,1610612744,Golden State Warriors,4,6,47,Made Shot,Tip Layup Shot,2PT Field Goal,Restricted Area,Center(C),Less Than 8 ft.,0,4,2,1,1
197,Shot Chart Detail,0021500622,132,2733,Shaun Livingston,1610612744,Golden State Warriors,2,8,54,Made Shot,Jump Shot,2PT Field Goal,Mid-Range,Right Side(R),8-16 ft.,12,125,-21,1,1
198,Shot Chart Detail,0021500622,141,2733,Shaun Livingston,1610612744,Golden State Warriors,2,7,50,Made Shot,Layup Shot,2PT Field Goal,Restricted Area,Center(C),Less Than 8 ft.,1,-14,0,1,1
199,Shot Chart Detail,0021500634,144,2733,Shaun Livingston,1610612744,Golden State Warriors,2,9,53,Missed Shot,Turnaround Fadeaway shot,2PT Field Goal,Mid-Range,Right Side(R),8-16 ft.,10,101,31,1,0
200,Shot Chart Detail,0021500634,163,2733,Shaun Livingston,1610612744,Golden State Warriors,2,8,17,Made Shot,Jump Shot,2PT Field Goal,In The Paint (Non-RA),Center(C),Less Than 8 ft.,7,-34,70,1,1
201,Shot Chart Detail,0021500634,167,2733,Shaun Livingston,1610612744,Golden State Warriors,2,7,39,Made Shot,Fadeaway Jump Shot,2PT Field Goal,In The Paint (Non-RA),Center(C),Less Than 8 ft.,7,73,11,1,1
202,Shot Chart Detail,0021500634,189,2733,Shaun Livingston,1610612744,Golden State Warriors,2,5,40,Made Shot,Turnaround Jump Shot,2PT Field Goal,Mid-Range,Left Side(L),8-16 ft.,8,-81,-1,1,1
203,Shot Chart Detail,0021500634,443,2733,Shaun Livingston,1610612744,Golden State Warriors,4,10,2,Missed Shot,Turnaround Jump Shot,2PT Field Goal,In The Paint (Non-RA),Center(C),Less Than 8 ft.,6,-65,-1,1,0
204,Shot Chart Detail,0021500634,458,2733,Shaun Livingston,1610612744,Golden State Warriors,4,8,41,Made Shot,Cutting Dunk Shot,2PT Field Goal,Restricted Area,Center(C),Less Than 8 ft.,0,0,1,1,1
205,Shot Chart Detail,0021500634,483,2733,Shaun Livingston,1610612744,Golden State Warriors,4,7,22,Made Shot,Cutting Dunk Shot,2PT Field Goal,Restricted Area,Center(C),Less Than 8 ft.,0,0,1,1,1
206,Shot Chart Detail,0021500634,495,2733,Shaun Livingston,1610612744,Golden State Warriors,4,6,56,Made Shot,Dunk Shot,2PT Field Goal,Restricted Area,Center(C),Less Than 8 ft.,0,0,1,1,1
207,Shot Chart Detail,0021500652,143,2733,Shaun Livingston,1610612744,Golden State Warriors,2,10,26,Missed Shot,Jump Shot,2PT Field Goal,Mid-Range,Left Side(L),8-16 ft.,12,-106,75,1,0
208,Shot Chart Detail,0021500652,176,2733,Shaun Livingston,1610612744,Golden State Warriors,2,8,19,Made Shot,Fadeaway Jump Shot,2PT Field Goal,In The Paint (Non-RA),Right Side(R),8-16 ft.,12,71,97,1,1
209,Shot Chart Detail,0021500652,190,2733,Shaun Livingston,1610612744,Golden State Warriors,2,7,17,Missed Shot,Driving Layup Shot,2PT Field Goal,Restricted Area,Center(C),Less Than 8 ft.,1,1,16,1,0
210,Shot Chart Detail,0021500652,501,2733,Shaun Livingston,1610612744,Golden State Warriors,4,4,43,Made Shot,Dunk Shot,2PT Field Goal,Restricted Area,Center(C),Less Than 8 ft.,0,0,1,1,1
211,Shot Chart Detail,0021500675,137,2733,Shaun Livingston,1610612744,Golden State Warriors,2,9,50,Made Shot,Cutting Layup Shot,2PT Field Goal,Restricted Area,Center(C),Less Than 8 ft.,1,-17,3,1,1
212,Shot Chart Detail,0021500675,151,2733,Shaun Livingston,1610612744,Golden State Warriors,2,8,53,Made Shot,Dunk Shot,2PT Field Goal,Restricted Area,Center(C),Less Than 8 ft.,0,0,1,1,1
213,Shot Chart Detail,0021500675,157,2733,Shaun Livingston,1610612744,Golden State Warriors,2,7,58,Made Shot,Dunk Shot,2PT Field Goal,Restricted Area,Center(C),Less Than 8 ft.,0,0,1,1,1
214,Shot Chart Detail,0021500675,160,2733,Shaun Livingston,1610612744,Golden State Warriors,2,7,21,Made Shot,Turnaround Fadeaway shot,2PT Field Goal,Mid-Range,Left Side(L),8-16 ft.,14,-143,7,1,1
215,Shot Chart Detail,0021500675,195,2733,Shaun Livingston,1610612744,Golden State Warriors,2,4,44,Made Shot,Driving Dunk Shot,2PT Field Goal,Restricted Area,Center(C),Less Than 8 ft.,0,0,1,1,1
216,Shot Chart Detail,0021500675,488,2733,Shaun Livingston,1610612744,Golden State Warriors,4,5,54,Made Shot,Step Back Jump shot,2PT Field Goal,Mid-Range,Left Side(L),8-16 ft.,15,-158,3,1,1
217,Shot Chart Detail,0021500691,129,2733,Shaun Livingston,1610612744,Golden State Warriors,2,11,12,Missed Shot,Turnaround Fadeaway shot,2PT Field Goal,In The Paint (Non-RA),Right Side(R),8-16 ft.,12,74,105,1,0
218,Shot Chart Detail,0021500691,141,2733,Shaun Livingston,1610612744,Golden State Warriors,2,9,11,Made Shot,Floating Jump shot,2PT Field Goal,In The Paint (Non-RA),Center(C),8-16 ft.,9,-14,95,1,1
219,Shot Chart Detail,0021500691,167,2733,Shaun Livingston,1610612744,Golden State Warriors,2,6,23,Made Shot,Cutting Layup Shot,2PT Field Goal,Restricted Area,Center(C),Less Than 8 ft.,0,-4,8,1,1
220,Shot Chart Detail,0021500691,395,2733,Shaun Livingston,1610612744,Golden State Warriors,4,6,6,Made Shot,Running Reverse Layup Shot,2PT Field Goal,Restricted Area,Center(C),Less Than 8 ft.,2,-14,18,1,1
221,Shot Chart Detail,0021500691,415,2733,Shaun Livingston,1610612744,Golden State Warriors,4,4,26,Made Shot,Turnaround Fadeaway shot,2PT Field Goal,Mid-Range,Right Side(R),8-16 ft.,10,101,26,1,1
222,Shot Chart Detail,0021500707,138,2733,Shaun Livingston,1610612744,Golden State Warriors,2,9,33,Made Shot,Turnaround Jump Shot,2PT Field Goal,Mid-Range,Right Side(R),16-24 ft.,18,187,-21,1,1
223,Shot Chart Detail,0021500707,152,2733,Shaun Livingston,1610612744,Golden State Warriors,2,8,11,Made Shot,Reverse Dunk Shot,2PT Field Goal,Restricted Area,Center(C),Less Than 8 ft.,0,0,1,1,1
224,Shot Chart Detail,0021500707,338,2733,Shaun Livingston,1610612744,Golden State Warriors,3,3,36,Missed Shot,Jump Shot,2PT Field Goal,In The Paint (Non-RA),Center(C),8-16 ft.,10,46,95,1,0
225,Shot Chart Detail,0021500707,385,2733,Shaun Livingston,1610612744,Golden State Warriors,4,11,14,Missed Shot,Turnaround Jump Shot,2PT Field Goal,Mid-Range,Left Side(L),8-16 ft.,9,-91,-19,1,0
226,Shot Chart Detail,0021500718,143,2733,Shaun Livingston,1610612744,Golden State Warriors,2,9,41,Made Shot,Cutting Dunk Shot,2PT Field Goal,Restricted Area,Center(C),Less Than 8 ft.,0,0,1,1,1
227,Shot Chart Detail,0021500718,164,2733,Shaun Livingston,1610612744,Golden State Warriors,2,7,43,Made Shot,Jump Shot,3PT Field Goal,Left Corner 3,Left Side(L),24+ ft.,24,-241,-1,1,1
228,Shot Chart Detail,0021500718,357,2733,Shaun Livingston,1610612744,Golden State Warriors,3,2,11,Made Shot,Jump Shot,2PT Field Goal,Mid-Range,Left Side(L),8-16 ft.,14,-145,11,1,1
229,Shot Chart Detail,0021500718,383,2733,Shaun Livingston,1610612744,Golden State Warriors,4,11,37,Made Shot,Dunk Shot,2PT Field Goal,Restricted Area,Center(C),Less Than 8 ft.,0,0,1,1,1
230,Shot Chart Detail,0021500739,175,2733,Shaun Livingston,1610612744,Golden State Warriors,2,7,23,Missed Shot,Jump Shot,2PT Field Goal,Mid-Range,Right Side Center(RC),16-24 ft.,16,128,110,1,0
231,Shot Chart Detail,0021500739,499,2733,Shaun Livingston,1610612744,Golden State Warriors,4,9,36,Made Shot,Fadeaway Jump Shot,2PT Field Goal,Mid-Range,Left Side(L),8-16 ft.,13,-120,65,1,1
232,Shot Chart Detail,0021500739,501,2733,Shaun Livingston,1610612744,Golden State Warriors,4,8,58,Made Shot,Jump Shot,2PT Field Goal,Mid-Range,Right Side Center(RC),16-24 ft.,17,61,159,1,1
233,Shot Chart Detail,0021500739,509,2733,Shaun Livingston,1610612744,Golden State Warriors,4,8,12,Made Shot,Turnaround Fadeaway shot,2PT Field Goal,Mid-Range,Right Side(R),8-16 ft.,15,159,11,1,1
234,Shot Chart Detail,0021500739,526,2733,Shaun Livingston,1610612744,Golden State Warriors,4,6,54,Made Shot,Reverse Layup Shot,2PT Field Goal,Restricted Area,Center(C),Less Than 8 ft.,1,-7,13,1,1
235,Shot Chart Detail,0021500769,149,2733,Shaun Livingston,1610612744,Golden State Warriors,2,9,45,Missed Shot,Jump Shot,2PT Field Goal,In The Paint (Non-RA),Center(C),8-16 ft.,11,19,115,1,0
236,Shot Chart Detail,0021500769,200,2733,Shaun Livingston,1610612744,Golden State Warriors,2,6,22,Made Shot,Pullup Jump shot,2PT Field Goal,Mid-Range,Left Side(L),8-16 ft.,15,-150,-1,1,1
237,Shot Chart Detail,0021500769,413,2733,Shaun Livingston,1610612744,Golden State Warriors,4,11,30,Missed Shot,Jump Shot,2PT Field Goal,Mid-Range,Right Side(R),8-16 ft.,9,89,21,1,0
238,Shot Chart Detail,0021500769,424,2733,Shaun Livingston,1610612744,Golden State Warriors,4,10,0,Missed Shot,Driving Dunk Shot,2PT Field Goal,Restricted Area,Center(C),Less Than 8 ft.,1,1,13,1,0
239,Shot Chart Detail,0021500769,441,2733,Shaun Livingston,1610612744,Golden State Warriors,4,8,55,Made Shot,Pullup Jump shot,2PT Field Goal,In The Paint (Non-RA),Center(C),8-16 ft.,10,-7,105,1,1
240,Shot Chart Detail,0021500769,450,2733,Shaun Livingston,1610612744,Golden State Warriors,4,8,13,Made Shot,Pullup Jump shot,2PT Field Goal,Mid-Range,Left Side(L),16-24 ft.,17,-178,26,1,1
241,Shot Chart Detail,0021500769,456,2733,Shaun Livingston,1610612744,Golden State Warriors,4,7,36,Made Shot,Turnaround Fadeaway shot,2PT Field Goal,In The Paint (Non-RA),Right Side(R),8-16 ft.,11,61,97,1,1
242,Shot Chart Detail,0021500788,149,2733,Shaun Livingston,1610612744,Golden State Warriors,2,9,7,Made Shot,Driving Reverse Layup Shot,2PT Field Goal,Restricted Area,Center(C),Less Than 8 ft.,1,-7,11,1,1
243,Shot Chart Detail,0021500788,521,2733,Shaun Livingston,1610612744,Golden State Warriors,4,4,51,Missed Shot,Fadeaway Jump Shot,2PT Field Goal,Mid-Range,Right Side(R),8-16 ft.,13,132,46,1,0
244,Shot Chart Detail,0021500799,159,2733,Shaun Livingston,1610612744,Golden State Warriors,2,8,55,Made Shot,Pullup Jump shot,2PT Field Goal,Mid-Range,Left Side Center(LC),16-24 ft.,16,-81,144,1,1
245,Shot Chart Detail,0021500799,421,2733,Shaun Livingston,1610612744,Golden State Warriors,4,10,27,Missed Shot,Pullup Jump shot,2PT Field Goal,In The Paint (Non-RA),Center(C),8-16 ft.,12,-6,126,1,0
246,Shot Chart Detail,0021500799,431,2733,Shaun Livingston,1610612744,Golden State Warriors,4,9,37,Made Shot,Pullup Jump shot,2PT Field Goal,Mid-Range,Left Side(L),8-16 ft.,10,-96,38,1,1
247,Shot Chart Detail,0021500799,451,2733,Shaun Livingston,1610612744,Golden State Warriors,4,8,23,Missed Shot,Turnaround Jump Shot,2PT Field Goal,Mid-Range,Left Side(L),8-16 ft.,9,-94,21,1,0
248,Shot Chart Detail,0021500815,167,2733,Shaun Livingston,1610612744,Golden State Warriors,2,7,29,Missed Shot,Turnaround Jump Shot,2PT Field Goal,Mid-Range,Right Side(R),8-16 ft.,14,146,0,1,0
249,Shot Chart Detail,0021500815,397,2733,Shaun Livingston,1610612744,Golden State Warriors,4,11,40,Missed Shot,Jump Shot,2PT Field Goal,In The Paint (Non-RA),Left Side(L),8-16 ft.,9,-63,67,1,0
250,Shot Chart Detail,0021500822,92,2733,Shaun Livingston,1610612744,Golden State Warriors,1,1,34,Made Shot,Cutting Dunk Shot,2PT Field Goal,Restricted Area,Center(C),Less Than 8 ft.,0,0,1,1,1
251,Shot Chart Detail,0021500822,415,2733,Shaun Livingston,1610612744,Golden State Warriors,4,8,25,Missed Shot,Jump Shot,2PT Field Goal,Mid-Range,Right Side(R),8-16 ft.,8,87,-1,1,0
252,Shot Chart Detail,0021500836,195,2733,Shaun Livingston,1610612744,Golden State Warriors,2,4,25,Made Shot,Driving Dunk Shot,2PT Field Goal,Restricted Area,Center(C),Less Than 8 ft.,0,0,1,1,1
253,Shot Chart Detail,0021500836,419,2733,Shaun Livingston,1610612744,Golden State Warriors,4,9,26,Made Shot,Pullup Jump shot,2PT Field Goal,Mid-Range,Left Side(L),8-16 ft.,15,-158,11,1,1
254,Shot Chart Detail,0021500848,166,2733,Shaun Livingston,1610612744,Golden State Warriors,2,8,50,Missed Shot,Turnaround Jump Shot,2PT Field Goal,Mid-Range,Left Side(L),16-24 ft.,16,-166,7,1,0
255,Shot Chart Detail,0021500848,171,2733,Shaun Livingston,1610612744,Golden State Warriors,2,8,23,Missed Shot,Jump Bank Shot,2PT Field Goal,Mid-Range,Left Side Center(LC),16-24 ft.,16,-114,120,1,0
256,Shot Chart Detail,0021500848,193,2733,Shaun Livingston,1610612744,Golden State Warriors,2,6,20,Missed Shot,Jump Shot,2PT Field Goal,In The Paint (Non-RA),Center(C),Less Than 8 ft.,4,38,13,1,0
257,Shot Chart Detail,0021500848,219,2733,Shaun Livingston,1610612744,Golden State Warriors,2,4,12,Made Shot,Running Dunk Shot,2PT Field Goal,Restricted Area,Center(C),Less Than 8 ft.,0,0,1,1,1
258,Shot Chart Detail,0021500848,443,2733,Shaun Livingston,1610612744,Golden State Warriors,4,9,50,Made Shot,Turnaround Jump Shot,2PT Field Goal,Mid-Range,Left Side(L),16-24 ft.,16,-156,51,1,1
259,Shot Chart Detail,0021500848,457,2733,Shaun Livingston,1610612744,Golden State Warriors,4,8,25,Missed Shot,Turnaround Jump Shot,2PT Field Goal,In The Paint (Non-RA),Center(C),8-16 ft.,12,-53,115,1,0
260,Shot Chart Detail,0021500848,471,2733,Shaun Livingston,1610612744,Golden State Warriors,4,7,11,Missed Shot,Layup Shot,2PT Field Goal,Restricted Area,Center(C),Less Than 8 ft.,2,20,13,1,0
261,Shot Chart Detail,0021500855,151,2733,Shaun Livingston,1610612744,Golden State Warriors,2,10,49,Missed Shot,Pullup Jump shot,2PT Field Goal,Mid-Range,Left Side(L),8-16 ft.,10,-91,56,1,0
262,Shot Chart Detail,0021500855,166,2733,Shaun Livingston,1610612744,Golden State Warriors,2,9,31,Missed Shot,Turnaround Jump Shot,2PT Field Goal,Mid-Range,Left Side(L),16-24 ft.,17,-179,7,1,0
263,Shot Chart Detail,0021500855,443,2733,Shaun Livingston,1610612744,Golden State Warriors,4,9,25,Missed Shot,Driving Hook Shot,2PT Field Goal,In The Paint (Non-RA),Left Side(L),8-16 ft.,8,-79,18,1,0
264,Shot Chart Detail,0021500855,458,2733,Shaun Livingston,1610612744,Golden State Warriors,4,8,21,Made Shot,Pullup Jump shot,2PT Field Goal,Mid-Range,Left Side(L),8-16 ft.,14,-142,7,1,1
265,Shot Chart Detail,0021500874,142,2733,Shaun Livingston,1610612744,Golden State Warriors,2,8,15,Made Shot,Layup Shot,2PT Field Goal,Restricted Area,Center(C),Less Than 8 ft.,0,-4,7,1,1
266,Shot Chart Detail,0021500874,149,2733,Shaun Livingston,1610612744,Golden State Warriors,2,7,36,Missed Shot,Turnaround Fadeaway shot,2PT Field Goal,Mid-Range,Right Side(R),8-16 ft.,14,148,2,1,0
267,Shot Chart Detail,0021500874,289,2733,Shaun Livingston,1610612744,Golden State Warriors,3,5,56,Missed Shot,Driving Layup Shot,2PT Field Goal,Restricted Area,Center(C),Less Than 8 ft.,0,-7,-1,1,0
268,Shot Chart Detail,0021500874,302,2733,Shaun Livingston,1610612744,Golden State Warriors,3,5,22,Made Shot,Pullup Jump shot,2PT Field Goal,Mid-Range,Left Side(L),8-16 ft.,13,-125,41,1,1
269,Shot Chart Detail,0021500874,423,2733,Shaun Livingston,1610612744,Golden State Warriors,4,8,56,Made Shot,Turnaround Jump Shot,2PT Field Goal,In The Paint (Non-RA),Center(C),Less Than 8 ft.,6,1,62,1,1
270,Shot Chart Detail,0021500895,28,2733,Shaun Livingston,1610612744,Golden State Warriors,1,9,10,Made Shot,Alley Oop Dunk Shot,2PT Field Goal,Restricted Area,Center(C),Less Than 8 ft.,0,0,1,1,1
271,Shot Chart Detail,0021500895,54,2733,Shaun Livingston,1610612744,Golden State Warriors,1,6,17,Missed Shot,Jump Shot,2PT Field Goal,Mid-Range,Left Side(L),8-16 ft.,14,-140,-4,1,0
272,Shot Chart Detail,0021500895,66,2733,Shaun Livingston,1610612744,Golden State Warriors,1,5,43,Made Shot,Floating Jump shot,2PT Field Goal,In The Paint (Non-RA),Center(C),Less Than 8 ft.,6,-66,16,1,1
273,Shot Chart Detail,0021500895,149,2733,Shaun Livingston,1610612744,Golden State Warriors,2,10,53,Missed Shot,Jump Shot,2PT Field Goal,Mid-Range,Left Side(L),8-16 ft.,14,-102,101,1,0
274,Shot Chart Detail,0021500895,162,2733,Shaun Livingston,1610612744,Golden State Warriors,2,9,8,Missed Shot,Jump Shot,2PT Field Goal,Mid-Range,Left Side Center(LC),16-24 ft.,17,-137,101,1,0
275,Shot Chart Detail,0021500895,192,2733,Shaun Livingston,1610612744,Golden State Warriors,2,6,21,Missed Shot,Floating Jump shot,2PT Field Goal,Mid-Range,Right Side(R),8-16 ft.,10,104,11,1,0
276,Shot Chart Detail,0021500895,267,2733,Shaun Livingston,1610612744,Golden State Warriors,3,10,18,Missed Shot,Turnaround Fadeaway shot,2PT Field Goal,Mid-Range,Right Side(R),8-16 ft.,14,97,110,1,0
277,Shot Chart Detail,0021500895,397,2733,Shaun Livingston,1610612744,Golden State Warriors,4,8,24,Made Shot,Layup Shot,2PT Field Goal,Restricted Area,Center(C),Less Than 8 ft.,1,9,11,1,1
278,Shot Chart Detail,0021500895,466,2733,Shaun Livingston,1610612744,Golden State Warriors,4,2,20,Missed Shot,Fadeaway Jump Shot,2PT Field Goal,Mid-Range,Right Side(R),8-16 ft.,13,135,11,1,0
279,Shot Chart Detail,0021500911,145,2733,Shaun Livingston,1610612744,Golden State Warriors,2,9,38,Made Shot,Turnaround Fadeaway shot,2PT Field Goal,Mid-Range,Right Side(R),8-16 ft.,14,104,97,1,1
280,Shot Chart Detail,0021500911,181,2733,Shaun Livingston,1610612744,Golden State Warriors,2,6,19,Missed Shot,Layup Shot,2PT Field Goal,Restricted Area,Center(C),Less Than 8 ft.,1,-11,13,1,0
281,Shot Chart Detail,0021500911,200,2733,Shaun Livingston,1610612744,Golden State Warriors,2,5,10,Made Shot,Turnaround Hook Shot,2PT Field Goal,In The Paint (Non-RA),Center(C),Less Than 8 ft.,4,22,38,1,1
282,Shot Chart Detail,0021500911,404,2733,Shaun Livingston,1610612744,Golden State Warriors,4,8,33,Missed Shot,Turnaround Fadeaway shot,2PT Field Goal,Mid-Range,Left Side(L),8-16 ft.,13,-101,95,1,0
283,Shot Chart Detail,0021500911,432,2733,Shaun Livingston,1610612744,Golden State Warriors,4,6,7,Missed Shot,Jump Shot,2PT Field Goal,Mid-Range,Left Side Center(LC),16-24 ft.,17,-70,164,1,0
284,Shot Chart Detail,0021500911,495,2733,Shaun Livingston,1610612744,Golden State Warriors,4,1,14,Made Shot,Jump Shot,2PT Field Goal,Mid-Range,Right Side(R),8-16 ft.,11,114,8,1,1
285,Shot Chart Detail,0021500931,137,2733,Shaun Livingston,1610612744,Golden State Warriors,2,11,1,Made Shot,Pullup Jump shot,2PT Field Goal,Mid-Range,Left Side(L),8-16 ft.,15,-107,115,1,1
286,Shot Chart Detail,0021500931,170,2733,Shaun Livingston,1610612744,Golden State Warriors,2,7,59,Made Shot,Pullup Jump shot,2PT Field Goal,In The Paint (Non-RA),Center(C),8-16 ft.,10,35,95,1,1
287,Shot Chart Detail,0021500931,186,2733,Shaun Livingston,1610612744,Golden State Warriors,2,6,13,Made Shot,Turnaround Fadeaway shot,2PT Field Goal,In The Paint (Non-RA),Center(C),8-16 ft.,10,2,100,1,1
288,Shot Chart Detail,0021500943,175,2733,Shaun Livingston,1610612744,Golden State Warriors,2,8,57,Missed Shot,Turnaround Jump Shot,2PT Field Goal,In The Paint (Non-RA),Center(C),Less Than 8 ft.,6,48,41,1,0
289,Shot Chart Detail,0021500943,191,2733,Shaun Livingston,1610612744,Golden State Warriors,2,7,34,Made Shot,Floating Jump shot,2PT Field Goal,In The Paint (Non-RA),Center(C),Less Than 8 ft.,5,4,51,1,1
290,Shot Chart Detail,0021500943,215,2733,Shaun Livingston,1610612744,Golden State Warriors,2,5,16,Made Shot,Driving Dunk Shot,2PT Field Goal,Restricted Area,Center(C),Less Than 8 ft.,0,0,1,1,1
291,Shot Chart Detail,0021500943,234,2733,Shaun Livingston,1610612744,Golden State Warriors,2,4,5,Missed Shot,Layup Shot,2PT Field Goal,Restricted Area,Center(C),Less Than 8 ft.,0,-2,8,1,0
292,Shot Chart Detail,0021500943,443,2733,Shaun Livingston,1610612744,Golden State Warriors,4,10,25,Missed Shot,Turnaround Jump Shot,2PT Field Goal,In The Paint (Non-RA),Right Side(R),8-16 ft.,10,64,87,1,0
293,Shot Chart Detail,0021500943,488,2733,Shaun Livingston,1610612744,Golden State Warriors,4,7,16,Made Shot,Driving Floating Jump Shot,2PT Field Goal,Restricted Area,Center(C),Less Than 8 ft.,3,0,36,1,1
294,Shot Chart Detail,0021500958,159,2733,Shaun Livingston,1610612744,Golden State Warriors,2,6,58,Made Shot,Turnaround Fadeaway shot,2PT Field Goal,Mid-Range,Left Side(L),8-16 ft.,13,-125,38,1,1
295,Shot Chart Detail,0021500958,407,2733,Shaun Livingston,1610612744,Golden State Warriors,4,7,46,Missed Shot,Jump Shot,2PT Field Goal,Restricted Area,Center(C),Less Than 8 ft.,3,19,28,1,0
296,Shot Chart Detail,0021500958,409,2733,Shaun Livingston,1610612744,Golden State Warriors,4,7,40,Made Shot,Turnaround Hook Shot,2PT Field Goal,Mid-Range,Left Side(L),8-16 ft.,11,-114,8,1,1
297,Shot Chart Detail,0021500971,155,2733,Shaun Livingston,1610612744,Golden State Warriors,2,9,10,Made Shot,Jump Shot,2PT Field Goal,In The Paint (Non-RA),Center(C),8-16 ft.,12,-47,120,1,1
298,Shot Chart Detail,0021500971,433,2733,Shaun Livingston,1610612744,Golden State Warriors,4,10,20,Missed Shot,Turnaround Fadeaway shot,2PT Field Goal,Mid-Range,Left Side(L),8-16 ft.,12,-104,65,1,0
299,Shot Chart Detail,0021500981,170,2733,Shaun Livingston,1610612744,Golden State Warriors,2,7,9,Missed Shot,Hook Shot,2PT Field Goal,In The Paint (Non-RA),Center(C),Less Than 8 ft.,6,-60,23,1,0
300,Shot Chart Detail,0021500981,378,2733,Shaun Livingston,1610612744,Golden State Warriors,3,2,35,Made Shot,Turnaround Fadeaway shot,2PT Field Goal,Mid-Range,Left Side(L),8-16 ft.,14,-142,2,1,1
301,Shot Chart Detail,0021500981,440,2733,Shaun Livingston,1610612744,Golden State Warriors,4,9,20,Made Shot,Alley Oop Dunk Shot,2PT Field Goal,Restricted Area,Center(C),Less Than 8 ft.,0,0,1,1,1
302,Shot Chart Detail,0021500981,533,2733,Shaun Livingston,1610612744,Golden State Warriors,4,1,33,Made Shot,Running Dunk Shot,2PT Field Goal,Restricted Area,Center(C),Less Than 8 ft.,0,0,1,1,1
303,Shot Chart Detail,0021500996,84,2733,Shaun Livingston,1610612744,Golden State Warriors,1,1,48,Made Shot,Turnaround Jump Shot,2PT Field Goal,In The Paint (Non-RA),Left Side(L),8-16 ft.,12,-71,100,1,1
304,Shot Chart Detail,0021500996,380,2733,Shaun Livingston,1610612744,Golden State Warriors,3,2,46,Missed Shot,Floating Jump shot,2PT Field Goal,In The Paint (Non-RA),Center(C),Less Than 8 ft.,6,61,26,1,0
305,Shot Chart Detail,0021501011,126,2733,Shaun Livingston,1610612744,Golden State Warriors,2,10,43,Made Shot,Jump Shot,2PT Field Goal,In The Paint (Non-RA),Center(C),8-16 ft.,14,56,129,1,1
306,Shot Chart Detail,0021501011,133,2733,Shaun Livingston,1610612744,Golden State Warriors,2,9,39,Missed Shot,Jump Shot,2PT Field Goal,Mid-Range,Right Side(R),8-16 ft.,12,117,33,1,0
307,Shot Chart Detail,0021501026,132,2733,Shaun Livingston,1610612744,Golden State Warriors,2,11,46,Missed Shot,Driving Layup Shot,2PT Field Goal,Restricted Area,Center(C),Less Than 8 ft.,1,-11,2,1,0
308,Shot Chart Detail,0021501026,135,2733,Shaun Livingston,1610612744,Golden State Warriors,2,11,26,Missed Shot,Turnaround Jump Shot,2PT Field Goal,Mid-Range,Right Side(R),8-16 ft.,14,143,31,1,0
309,Shot Chart Detail,0021501026,184,2733,Shaun Livingston,1610612744,Golden State Warriors,2,7,9,Missed Shot,Floating Jump shot,2PT Field Goal,Mid-Range,Left Side(L),8-16 ft.,14,-145,13,1,0
310,Shot Chart Detail,0021501026,454,2733,Shaun Livingston,1610612744,Golden State Warriors,4,10,56,Made Shot,Turnaround Fadeaway shot,2PT Field Goal,Mid-Range,Left Side(L),8-16 ft.,10,-104,28,1,1
311,Shot Chart Detail,0021501026,474,2733,Shaun Livingston,1610612744,Golden State Warriors,4,8,22,Missed Shot,Jump Shot,2PT Field Goal,Mid-Range,Left Side Center(LC),16-24 ft.,18,-88,159,1,0
312,Shot Chart Detail,0021501036,112,2733,Shaun Livingston,1610612744,Golden State Warriors,1,1,0,Missed Shot,Layup Shot,2PT Field Goal,Restricted Area,Center(C),Less Than 8 ft.,1,10,-6,1,0
313,Shot Chart Detail,0021501036,124,2733,Shaun Livingston,1610612744,Golden State Warriors,1,0,0,Made Shot,Turnaround Jump Shot,2PT Field Goal,Mid-Range,Left Side(L),8-16 ft.,14,-148,21,1,1
314,Shot Chart Detail,0021501036,134,2733,Shaun Livingston,1610612744,Golden State Warriors,2,10,50,Missed Shot,Turnaround Jump Shot,2PT Field Goal,Mid-Range,Left Side(L),16-24 ft.,16,-142,75,1,0
315,Shot Chart Detail,0021501050,101,2733,Shaun Livingston,1610612744,Golden State Warriors,1,0,46,Made Shot,Jump Shot,2PT Field Goal,Mid-Range,Right Side(R),8-16 ft.,10,107,-1,1,1
316,Shot Chart Detail,0021501050,132,2733,Shaun Livingston,1610612744,Golden State Warriors,2,10,39,Missed Shot,Pullup Jump shot,2PT Field Goal,Mid-Range,Right Side(R),8-16 ft.,13,97,100,1,0
317,Shot Chart Detail,0021501050,164,2733,Shaun Livingston,1610612744,Golden State Warriors,2,7,40,Made Shot,Jump Shot,2PT Field Goal,Mid-Range,Left Side(L),8-16 ft.,14,-143,31,1,1
318,Shot Chart Detail,0021501050,372,2733,Shaun Livingston,1610612744,Golden State Warriors,3,1,28,Made Shot,Dunk Shot,2PT Field Goal,Restricted Area,Center(C),Less Than 8 ft.,0,0,1,1,1
319,Shot Chart Detail,0021501050,393,2733,Shaun Livingston,1610612744,Golden State Warriors,3,0,33,Made Shot,Cutting Layup Shot,2PT Field Goal,Restricted Area,Center(C),Less Than 8 ft.,1,-12,11,1,1
320,Shot Chart Detail,0021501050,405,2733,Shaun Livingston,1610612744,Golden State Warriors,4,11,21,Missed Shot,Turnaround Jump Shot,2PT Field Goal,In The Paint (Non-RA),Center(C),Less Than 8 ft.,6,-58,26,1,0
321,Shot Chart Detail,0021501066,133,2733,Shaun Livingston,1610612744,Golden State Warriors,2,11,11,Made Shot,Jump Shot,2PT Field Goal,Mid-Range,Center(C),16-24 ft.,17,-19,169,1,1
322,Shot Chart Detail,0021501066,148,2733,Shaun Livingston,1610612744,Golden State Warriors,2,9,26,Made Shot,Turnaround Jump Shot,2PT Field Goal,In The Paint (Non-RA),Center(C),Less Than 8 ft.,6,58,26,1,1
323,Shot Chart Detail,0021501066,160,2733,Shaun Livingston,1610612744,Golden State Warriors,2,7,51,Made Shot,Pullup Jump shot,2PT Field Goal,In The Paint (Non-RA),Center(C),8-16 ft.,11,-52,105,1,1
324,Shot Chart Detail,0021501066,177,2733,Shaun Livingston,1610612744,Golden State Warriors,2,5,51,Missed Shot,Turnaround Fadeaway shot,2PT Field Goal,In The Paint (Non-RA),Left Side(L),8-16 ft.,10,-68,75,1,0
325,Shot Chart Detail,0021501066,362,2733,Shaun Livingston,1610612744,Golden State Warriors,3,1,49,Missed Shot,Tip Layup Shot,2PT Field Goal,Restricted Area,Center(C),Less Than 8 ft.,1,1,13,1,0
326,Shot Chart Detail,0021501066,417,2733,Shaun Livingston,1610612744,Golden State Warriors,4,9,42,Missed Shot,Jump Shot,2PT Field Goal,In The Paint (Non-RA),Center(C),Less Than 8 ft.,6,66,19,1,0
327,Shot Chart Detail,0021501080,148,2733,Shaun Livingston,1610612744,Golden State Warriors,2,9,9,Made Shot,Pullup Jump shot,2PT Field Goal,Mid-Range,Center(C),8-16 ft.,15,0,151,1,1
328,Shot Chart Detail,0021501080,166,2733,Shaun Livingston,1610612744,Golden State Warriors,2,6,47,Missed Shot,Layup Shot,2PT Field Goal,Restricted Area,Center(C),Less Than 8 ft.,1,-11,16,1,0
329,Shot Chart Detail,0021501080,170,2733,Shaun Livingston,1610612744,Golden State Warriors,2,6,19,Made Shot,Turnaround Fadeaway shot,2PT Field Goal,In The Paint (Non-RA),Center(C),8-16 ft.,10,43,101,1,1
330,Shot Chart Detail,0021501080,381,2733,Shaun Livingston,1610612744,Golden State Warriors,3,1,38,Made Shot,Running Layup Shot,2PT Field Goal,Restricted Area,Center(C),Less Than 8 ft.,1,-11,16,1,1
331,Shot Chart Detail,0021501080,384,2733,Shaun Livingston,1610612744,Golden State Warriors,3,1,15,Missed Shot,Floating Jump shot,2PT Field Goal,In The Paint (Non-RA),Left Side(L),8-16 ft.,8,-43,72,1,0
332,Shot Chart Detail,0021501080,400,2733,Shaun Livingston,1610612744,Golden State Warriors,4,11,44,Missed Shot,Pullup Jump shot,2PT Field Goal,In The Paint (Non-RA),Center(C),8-16 ft.,12,2,121,1,0
333,Shot Chart Detail,0021501112,116,2733,Shaun Livingston,1610612744,Golden State Warriors,1,1,13,Missed Shot,Jump Shot,2PT Field Goal,Mid-Range,Right Side(R),8-16 ft.,13,132,16,1,0
334,Shot Chart Detail,0021501112,131,2733,Shaun Livingston,1610612744,Golden State Warriors,1,0,1,Missed Shot,Running Jump Shot,2PT Field Goal,In The Paint (Non-RA),Center(C),Less Than 8 ft.,6,-25,61,1,0
335,Shot Chart Detail,0021501112,158,2733,Shaun Livingston,1610612744,Golden State Warriors,2,10,8,Made Shot,Turnaround Fadeaway shot,2PT Field Goal,Mid-Range,Left Side(L),8-16 ft.,13,-127,51,1,1
336,Shot Chart Detail,0021501112,231,2733,Shaun Livingston,1610612744,Golden State Warriors,2,3,16,Missed Shot,Tip Layup Shot,2PT Field Goal,Restricted Area,Center(C),Less Than 8 ft.,1,-11,3,1,0
337,Shot Chart Detail,0021501112,262,2733,Shaun Livingston,1610612744,Golden State Warriors,2,0,46,Made Shot,Running Dunk Shot,2PT Field Goal,Restricted Area,Center(C),Less Than 8 ft.,0,0,1,1,1
338,Shot Chart Detail,0021501112,366,2733,Shaun Livingston,1610612744,Golden State Warriors,3,0,46,Made Shot,Fadeaway Jump Shot,2PT Field Goal,Mid-Range,Left Side(L),8-16 ft.,14,-147,7,1,1
339,Shot Chart Detail,0021501112,376,2733,Shaun Livingston,1610612744,Golden State Warriors,4,11,51,Made Shot,Driving Dunk Shot,2PT Field Goal,Restricted Area,Center(C),Less Than 8 ft.,0,-2,2,1,1
340,Shot Chart Detail,0021501119,93,2733,Shaun Livingston,1610612744,Golden State Warriors,1,1,31,Missed Shot,Jump Shot,2PT Field Goal,In The Paint (Non-RA),Center(C),8-16 ft.,14,-42,134,1,0
341,Shot Chart Detail,0021501119,115,2733,Shaun Livingston,1610612744,Golden State Warriors,2,11,18,Missed Shot,Turnaround Jump Shot,2PT Field Goal,Mid-Range,Right Side(R),16-24 ft.,16,163,11,1,0
342,Shot Chart Detail,0021501119,154,2733,Shaun Livingston,1610612744,Golden State Warriors,2,7,34,Missed Shot,Layup Shot,2PT Field Goal,Restricted Area,Center(C),Less Than 8 ft.,1,19,2,1,0
343,Shot Chart Detail,0021501119,166,2733,Shaun Livingston,1610612744,Golden State Warriors,2,6,38,Missed Shot,Pullup Jump shot,2PT Field Goal,In The Paint (Non-RA),Left Side(L),8-16 ft.,13,-79,111,1,0
344,Shot Chart Detail,0021501119,407,2733,Shaun Livingston,1610612744,Golden State Warriors,4,7,59,Made Shot,Pullup Jump shot,2PT Field Goal,Mid-Range,Right Side(R),8-16 ft.,13,133,2,1,1
345,Shot Chart Detail,0021501119,540,2733,Shaun Livingston,1610612744,Golden State Warriors,5,4,9,Made Shot,Jump Shot,2PT Field Goal,Mid-Range,Center(C),8-16 ft.,15,48,149,1,1
346,Shot Chart Detail,0021501136,144,2733,Shaun Livingston,1610612744,Golden State Warriors,2,10,0,Made Shot,Pullup Jump shot,2PT Field Goal,Mid-Range,Right Side Center(RC),16-24 ft.,17,141,106,1,1
347,Shot Chart Detail,0021501136,185,2733,Shaun Livingston,1610612744,Golden State Warriors,2,6,29,Made Shot,Turnaround Fadeaway shot,2PT Field Goal,Mid-Range,Right Side Center(RC),16-24 ft.,16,130,95,1,1
348,Shot Chart Detail,0021501136,188,2733,Shaun Livingston,1610612744,Golden State Warriors,2,6,3,Missed Shot,Jump Shot,2PT Field Goal,In The Paint (Non-RA),Center(C),8-16 ft.,12,-63,111,1,0
349,Shot Chart Detail,0021501136,393,2733,Shaun Livingston,1610612744,Golden State Warriors,4,11,0,Made Shot,Fadeaway Jump Shot,2PT Field Goal,In The Paint (Non-RA),Center(C),8-16 ft.,11,0,115,1,1
350,Shot Chart Detail,0021501152,97,2733,Shaun Livingston,1610612744,Golden State Warriors,1,2,28,Made Shot,Driving Layup Shot,2PT Field Goal,Restricted Area,Center(C),Less Than 8 ft.,2,14,16,1,1
351,Shot Chart Detail,0021501152,162,2733,Shaun Livingston,1610612744,Golden State Warriors,2,8,53,Missed Shot,Floating Jump shot,2PT Field Goal,In The Paint (Non-RA),Center(C),8-16 ft.,9,37,90,1,0
352,Shot Chart Detail,0021501152,354,2733,Shaun Livingston,1610612744,Golden State Warriors,3,3,23,Made Shot,Driving Hook Shot,2PT Field Goal,Mid-Range,Right Side(R),8-16 ft.,12,123,23,1,1
353,Shot Chart Detail,0021501152,442,2733,Shaun Livingston,1610612744,Golden State Warriors,4,7,23,Made Shot,Turnaround Fadeaway shot,2PT Field Goal,In The Paint (Non-RA),Center(C),8-16 ft.,10,20,105,1,1
354,Shot Chart Detail,0021501152,447,2733,Shaun Livingston,1610612744,Golden State Warriors,4,6,50,Made Shot,Cutting Dunk Shot,2PT Field Goal,Restricted Area,Center(C),Less Than 8 ft.,0,0,1,1,1
