,GRID_TYPE,GAME_ID,GAME_EVENT_ID,PLAYER_ID,PLAYER_NAME,TEAM_ID,TEAM_NAME,PERIOD,MINUTES_REMAINING,SECONDS_REMAINING,EVENT_TYPE,ACTION_TYPE,SHOT_TYPE,SHOT_ZONE_BASIC,SHOT_ZONE_AREA,SHOT_ZONE_RANGE,SHOT_DISTANCE,LOC_X,LOC_Y,SHOT_ATTEMPTED_FLAG,SHOT_MADE_FLAG
76,Shot Chart Detail,0021500848,88,2760,Anderson Varejao,1610612744,Golden State Warriors,1,4,13,Missed Shot,Jump Shot,2PT Field Goal,In The Paint (Non-RA),Center(C),8-16 ft.,14,66,134,1,0
77,Shot Chart Detail,0021500848,108,2760,Anderson Varejao,1610612744,Golden State Warriors,1,2,24,Missed Shot,Floating Jump shot,2PT Field Goal,In The Paint (Non-RA),Center(C),Less Than 8 ft.,4,9,47,1,0
78,Shot Chart Detail,0021500855,97,2760,Anderson Varejao,1610612744,Golden State Warriors,1,2,50,Missed Shot,Tip Layup Shot,2PT Field Goal,Restricted Area,Center(C),Less Than 8 ft.,1,1,16,1,0
79,Shot Chart Detail,0021500855,126,2760,Anderson Varejao,1610612744,Golden State Warriors,1,0,31,Made Shot,Reverse Layup Shot,2PT Field Goal,Restricted Area,Center(C),Less Than 8 ft.,2,-22,9,1,1
80,Shot Chart Detail,0021500855,371,2760,Anderson Varejao,1610612744,Golden State Warriors,3,4,38,Missed Shot,Layup Shot,2PT Field Goal,Restricted Area,Center(C),Less Than 8 ft.,2,25,7,1,0
81,Shot Chart Detail,0021500855,382,2760,Anderson Varejao,1610612744,Golden State Warriors,3,3,43,Missed Shot,Jump Shot,2PT Field Goal,Mid-Range,Left Side Center(LC),16-24 ft.,17,-68,159,1,0
82,Shot Chart Detail,0021500855,408,2760,Anderson Varejao,1610612744,Golden State Warriors,3,0,39,Made Shot,Driving Layup Shot,2PT Field Goal,Restricted Area,Center(C),Less Than 8 ft.,2,19,16,1,1
83,Shot Chart Detail,0021500874,107,2760,Anderson Varejao,1610612744,Golden State Warriors,1,0,20,Missed Shot,Layup Shot,2PT Field Goal,Restricted Area,Center(C),Less Than 8 ft.,1,15,11,1,0
84,Shot Chart Detail,0021500874,397,2760,Anderson Varejao,1610612744,Golden State Warriors,4,10,24,Missed Shot,Layup Shot,2PT Field Goal,Restricted Area,Center(C),Less Than 8 ft.,2,24,-1,1,0
85,Shot Chart Detail,0021500895,150,2760,Anderson Varejao,1610612744,Golden State Warriors,2,10,52,Made Shot,Putback Layup Shot,2PT Field Goal,Restricted Area,Center(C),Less Than 8 ft.,1,-14,11,1,1
86,Shot Chart Detail,0021500895,168,2760,Anderson Varejao,1610612744,Golden State Warriors,2,8,8,Missed Shot,Layup Shot,2PT Field Goal,Restricted Area,Center(C),Less Than 8 ft.,1,-17,8,1,0
87,Shot Chart Detail,0021500911,89,2760,Anderson Varejao,1610612744,Golden State Warriors,1,2,18,Made Shot,Reverse Layup Shot,2PT Field Goal,Restricted Area,Center(C),Less Than 8 ft.,2,12,26,1,1
88,Shot Chart Detail,0021500931,82,2760,Anderson Varejao,1610612744,Golden State Warriors,1,4,4,Made Shot,Tip Layup Shot,2PT Field Goal,Restricted Area,Center(C),Less Than 8 ft.,0,6,7,1,1
89,Shot Chart Detail,0021500931,379,2760,Anderson Varejao,1610612744,Golden State Warriors,3,1,55,Made Shot,Cutting Dunk Shot,2PT Field Goal,Restricted Area,Center(C),Less Than 8 ft.,0,0,1,1,1
90,Shot Chart Detail,0021500931,413,2760,Anderson Varejao,1610612744,Golden State Warriors,4,10,37,Made Shot,Jump Shot,2PT Field Goal,Mid-Range,Left Side Center(LC),16-24 ft.,17,-99,149,1,1
91,Shot Chart Detail,0021500958,67,2760,Anderson Varejao,1610612744,Golden State Warriors,1,4,24,Missed Shot,Tip Layup Shot,2PT Field Goal,Restricted Area,Center(C),Less Than 8 ft.,1,-4,16,1,0
92,Shot Chart Detail,0021500958,71,2760,Anderson Varejao,1610612744,Golden State Warriors,1,3,47,Made Shot,Jump Shot,2PT Field Goal,Mid-Range,Right Side(R),8-16 ft.,15,150,11,1,1
93,Shot Chart Detail,0021500958,96,2760,Anderson Varejao,1610612744,Golden State Warriors,1,2,13,Missed Shot,Tip Layup Shot,2PT Field Goal,Restricted Area,Center(C),Less Than 8 ft.,1,-1,15,1,0
94,Shot Chart Detail,0021500958,128,2760,Anderson Varejao,1610612744,Golden State Warriors,2,10,25,Made Shot,Jump Shot,2PT Field Goal,Mid-Range,Center(C),8-16 ft.,15,-1,156,1,1
95,Shot Chart Detail,0021500958,433,2760,Anderson Varejao,1610612744,Golden State Warriors,4,5,28,Made Shot,Running Reverse Layup Shot,2PT Field Goal,Restricted Area,Center(C),Less Than 8 ft.,1,-2,11,1,1
96,Shot Chart Detail,0021500958,439,2760,Anderson Varejao,1610612744,Golden State Warriors,4,4,54,Made Shot,Turnaround Hook Shot,2PT Field Goal,Restricted Area,Center(C),Less Than 8 ft.,3,9,38,1,1
97,Shot Chart Detail,0021500971,148,2760,Anderson Varejao,1610612744,Golden State Warriors,2,10,26,Missed Shot,Jump Shot,2PT Field Goal,Mid-Range,Left Side Center(LC),16-24 ft.,18,-115,149,1,0
98,Shot Chart Detail,0021500971,161,2760,Anderson Varejao,1610612744,Golden State Warriors,2,8,43,Made Shot,Hook Shot,2PT Field Goal,In The Paint (Non-RA),Center(C),Less Than 8 ft.,5,-24,52,1,1
99,Shot Chart Detail,0021500971,192,2760,Anderson Varejao,1610612744,Golden State Warriors,2,6,41,Made Shot,Driving Layup Shot,2PT Field Goal,Restricted Area,Center(C),Less Than 8 ft.,2,20,11,1,1
100,Shot Chart Detail,0021500971,423,2760,Anderson Varejao,1610612744,Golden State Warriors,4,10,42,Missed Shot,Driving Bank shot,2PT Field Goal,Mid-Range,Right Side(R),8-16 ft.,13,127,43,1,0
101,Shot Chart Detail,0021500971,460,2760,Anderson Varejao,1610612744,Golden State Warriors,4,7,35,Missed Shot,Jump Shot,2PT Field Goal,Mid-Range,Left Side Center(LC),16-24 ft.,16,-88,139,1,0
102,Shot Chart Detail,0021500981,196,2760,Anderson Varejao,1610612744,Golden State Warriors,2,4,49,Missed Shot,Jump Shot,2PT Field Goal,Mid-Range,Right Side Center(RC),16-24 ft.,16,117,121,1,0
103,Shot Chart Detail,0021500981,199,2760,Anderson Varejao,1610612744,Golden State Warriors,2,4,24,Missed Shot,Jump Shot,2PT Field Goal,Mid-Range,Right Side(R),16-24 ft.,17,174,41,1,0
104,Shot Chart Detail,0021500996,135,2760,Anderson Varejao,1610612744,Golden State Warriors,2,9,18,Made Shot,Driving Hook Shot,2PT Field Goal,In The Paint (Non-RA),Center(C),Less Than 8 ft.,7,-25,75,1,1
105,Shot Chart Detail,0021500996,141,2760,Anderson Varejao,1610612744,Golden State Warriors,2,8,49,Made Shot,Layup Shot,2PT Field Goal,Restricted Area,Center(C),Less Than 8 ft.,1,9,8,1,1
106,Shot Chart Detail,0021501011,146,2760,Anderson Varejao,1610612744,Golden State Warriors,2,7,55,Made Shot,Driving Layup Shot,2PT Field Goal,Restricted Area,Center(C),Less Than 8 ft.,1,12,11,1,1
107,Shot Chart Detail,0021501011,160,2760,Anderson Varejao,1610612744,Golden State Warriors,2,6,16,Missed Shot,Jump Shot,2PT Field Goal,In The Paint (Non-RA),Center(C),Less Than 8 ft.,4,35,26,1,0
108,Shot Chart Detail,0021501011,392,2760,Anderson Varejao,1610612744,Golden State Warriors,4,6,49,Made Shot,Turnaround Hook Shot,2PT Field Goal,In The Paint (Non-RA),Center(C),Less Than 8 ft.,4,14,43,1,1
109,Shot Chart Detail,0021501026,180,2760,Anderson Varejao,1610612744,Golden State Warriors,2,7,27,Missed Shot,Turnaround Hook Shot,2PT Field Goal,In The Paint (Non-RA),Center(C),Less Than 8 ft.,4,10,43,1,0
110,Shot Chart Detail,0021501036,407,2760,Anderson Varejao,1610612744,Golden State Warriors,4,6,34,Missed Shot,Layup Shot,2PT Field Goal,Restricted Area,Center(C),Less Than 8 ft.,0,1,7,1,0
111,Shot Chart Detail,0021501050,184,2760,Anderson Varejao,1610612744,Golden State Warriors,2,5,29,Made Shot,Turnaround Fadeaway shot,2PT Field Goal,In The Paint (Non-RA),Center(C),8-16 ft.,10,14,105,1,1
112,Shot Chart Detail,0021501050,464,2760,Anderson Varejao,1610612744,Golden State Warriors,4,6,27,Made Shot,Reverse Layup Shot,2PT Field Goal,Restricted Area,Center(C),Less Than 8 ft.,1,2,13,1,1
113,Shot Chart Detail,0021501112,343,2760,Anderson Varejao,1610612744,Golden State Warriors,3,2,50,Missed Shot,Layup Shot,2PT Field Goal,Restricted Area,Center(C),Less Than 8 ft.,2,-20,21,1,0
114,Shot Chart Detail,0021501112,345,2760,Anderson Varejao,1610612744,Golden State Warriors,3,2,48,Missed Shot,Layup Shot,2PT Field Goal,Restricted Area,Center(C),Less Than 8 ft.,1,-9,16,1,0
115,Shot Chart Detail,0021501112,348,2760,Anderson Varejao,1610612744,Golden State Warriors,3,2,35,Missed Shot,Turnaround Hook Shot,2PT Field Goal,Restricted Area,Center(C),Less Than 8 ft.,2,6,23,1,0
116,Shot Chart Detail,0021501119,330,2760,Anderson Varejao,1610612744,Golden State Warriors,3,2,10,Missed Shot,Jump Shot,2PT Field Goal,Mid-Range,Left Side Center(LC),16-24 ft.,19,-110,159,1,0
117,Shot Chart Detail,0021501119,334,2760,Anderson Varejao,1610612744,Golden State Warriors,3,1,37,Missed Shot,Jump Shot,2PT Field Goal,Mid-Range,Right Side Center(RC),16-24 ft.,17,64,159,1,0
118,Shot Chart Detail,0021501136,66,2760,Anderson Varejao,1610612744,Golden State Warriors,1,4,55,Made Shot,Turnaround Hook Shot,2PT Field Goal,In The Paint (Non-RA),Center(C),Less Than 8 ft.,5,-6,51,1,1
119,Shot Chart Detail,0021501136,115,2760,Anderson Varejao,1610612744,Golden State Warriors,1,1,2,Missed Shot,Jump Shot,2PT Field Goal,Mid-Range,Right Side Center(RC),16-24 ft.,19,119,149,1,0
120,Shot Chart Detail,0021501136,119,2760,Anderson Varejao,1610612744,Golden State Warriors,1,0,27,Made Shot,Cutting Layup Shot,2PT Field Goal,Restricted Area,Center(C),Less Than 8 ft.,2,15,16,1,1
